Date: 17/01/2025, Time: 12:06
Error: "attendees" is required
Stack Trace: ValidationError: "attendees" is required
Date: 17/01/2025, Time: 12:21
Error: Minutes validation failed: title: Path `title` is required.
Stack Trace: ValidationError: Minutes validation failed: title: Path `title` is required.
    at Document.invalidate (D:\Harihar's\On Going\mom-backend\node_modules\mongoose\lib\document.js:3318:32)
    at D:\Harihar's\On Going\mom-backend\node_modules\mongoose\lib\document.js:3079:17
    at D:\Harihar's\On Going\mom-backend\node_modules\mongoose\lib\schemaType.js:1388:9
    at process.processTicksAndRejections (node:internal/process/task_queues:85:11)
Date: 17/01/2025, Time: 11:15
Error: updateData?.attendees?.filter is not a function
Stack Trace: TypeError: updateData?.attendees?.filter is not a function
    at Object.updateMeeting (E:\Ongoing\MOM3\mom-backend\services\meetingService.js:154:52)
    at process.processTicksAndRejections (node:internal/process/task_queues:95:5)
    at async updateMeeting (E:\Ongoing\MOM3\mom-backend\controllers\meetingController.js:108:20)
Date: 18/01/2025, Time: 11:46
Error: "headers.authorization" is required
Stack Trace: ValidationError: "headers.authorization" is required
Date: 18/01/2025, Time: 11:46
Error: "downloadUrls" is required
Stack Trace: ValidationError: "downloadUrls" is required
Date: 18/01/2025, Time: 11:47
Error: "downloadUrls" must be an array
Stack Trace: ValidationError: "downloadUrls" must be an array
Date: 18/01/2025, Time: 11:48
Error: "downloadUrls" is not allowed
Stack Trace: ValidationError: "downloadUrls" is not allowed
Date: 18/01/2025, Time: 11:49
Error: Invalid URL
Stack Trace: TypeError: Invalid URL
    at new URL (node:internal/url:797:36)
    at dispatchHttpRequest (E:\Ongoing\MOM3\mom-backend\node_modules\axios\dist\node\axios.cjs:2770:20)
    at E:\Ongoing\MOM3\mom-backend\node_modules\axios\dist\node\axios.cjs:2690:5
    at new Promise (<anonymous>)
    at wrapAsync (E:\Ongoing\MOM3\mom-backend\node_modules\axios\dist\node\axios.cjs:2670:10)
    at http (E:\Ongoing\MOM3\mom-backend\node_modules\axios\dist\node\axios.cjs:2708:10)
    at Axios.dispatchRequest (E:\Ongoing\MOM3\mom-backend\node_modules\axios\dist\node\axios.cjs:4135:10)
    at Axios._request (E:\Ongoing\MOM3\mom-backend\node_modules\axios\dist\node\axios.cjs:4415:33)
    at Axios.request (E:\Ongoing\MOM3\mom-backend\node_modules\axios\dist\node\axios.cjs:4282:25)
    at wrap (E:\Ongoing\MOM3\mom-backend\node_modules\axios\dist\node\axios.cjs:28:15)
    at Axios.request (E:\Ongoing\MOM3\mom-backend\node_modules\axios\dist\node\axios.cjs:4287:41)
    at process.processTicksAndRejections (node:internal/process/task_queues:95:5)
    at async Object.downloadZoomRecordingsInZip (E:\Ongoing\MOM3\mom-backend\services\meetingService.js:4495:22)
    at async downloadZoomRecordingsInZip (E:\Ongoing\MOM3\mom-backend\controllers\meetingController.js:937:20)
Date: 18/01/2025, Time: 11:49
Error: Cannot access 'downloadUrls' before initialization
Stack Trace: ReferenceError: Cannot access 'downloadUrls' before initialization
    at Object.downloadZoomRecordingsInZip (E:\Ongoing\MOM3\mom-backend\services\meetingService.js:4493:52)
    at downloadZoomRecordingsInZip (E:\Ongoing\MOM3\mom-backend\controllers\meetingController.js:937:41)
    at Layer.handle [as handle_request] (E:\Ongoing\MOM3\mom-backend\node_modules\express\lib\router\layer.js:95:5)
    at next (E:\Ongoing\MOM3\mom-backend\node_modules\express\lib\router\route.js:149:13)
    at verifyUserToken (E:\Ongoing\MOM3\mom-backend\middlewares\authMiddleware.js:29:7)
    at process.processTicksAndRejections (node:internal/process/task_queues:95:5)
Date: 18/01/2025, Time: 11:50
Error: Invalid URL
Stack Trace: TypeError: Invalid URL
    at new URL (node:internal/url:797:36)
    at dispatchHttpRequest (E:\Ongoing\MOM3\mom-backend\node_modules\axios\dist\node\axios.cjs:2770:20)
    at E:\Ongoing\MOM3\mom-backend\node_modules\axios\dist\node\axios.cjs:2690:5
    at new Promise (<anonymous>)
    at wrapAsync (E:\Ongoing\MOM3\mom-backend\node_modules\axios\dist\node\axios.cjs:2670:10)
    at http (E:\Ongoing\MOM3\mom-backend\node_modules\axios\dist\node\axios.cjs:2708:10)
    at Axios.dispatchRequest (E:\Ongoing\MOM3\mom-backend\node_modules\axios\dist\node\axios.cjs:4135:10)
    at Axios._request (E:\Ongoing\MOM3\mom-backend\node_modules\axios\dist\node\axios.cjs:4415:33)
    at Axios.request (E:\Ongoing\MOM3\mom-backend\node_modules\axios\dist\node\axios.cjs:4282:25)
    at wrap (E:\Ongoing\MOM3\mom-backend\node_modules\axios\dist\node\axios.cjs:28:15)
    at Axios.request (E:\Ongoing\MOM3\mom-backend\node_modules\axios\dist\node\axios.cjs:4287:41)
    at process.processTicksAndRejections (node:internal/process/task_queues:95:5)
    at async Object.downloadZoomRecordingsInZip (E:\Ongoing\MOM3\mom-backend\services\meetingService.js:4495:22)
    at async downloadZoomRecordingsInZip (E:\Ongoing\MOM3\mom-backend\controllers\meetingController.js:937:20)
Date: 18/01/2025, Time: 11:52
Error: Invalid URL
Stack Trace: TypeError: Invalid URL
    at new URL (node:internal/url:797:36)
    at dispatchHttpRequest (E:\Ongoing\MOM3\mom-backend\node_modules\axios\dist\node\axios.cjs:2770:20)
    at E:\Ongoing\MOM3\mom-backend\node_modules\axios\dist\node\axios.cjs:2690:5
    at new Promise (<anonymous>)
    at wrapAsync (E:\Ongoing\MOM3\mom-backend\node_modules\axios\dist\node\axios.cjs:2670:10)
    at http (E:\Ongoing\MOM3\mom-backend\node_modules\axios\dist\node\axios.cjs:2708:10)
    at Axios.dispatchRequest (E:\Ongoing\MOM3\mom-backend\node_modules\axios\dist\node\axios.cjs:4135:10)
    at Axios._request (E:\Ongoing\MOM3\mom-backend\node_modules\axios\dist\node\axios.cjs:4415:33)
    at Axios.request (E:\Ongoing\MOM3\mom-backend\node_modules\axios\dist\node\axios.cjs:4282:25)
    at wrap (E:\Ongoing\MOM3\mom-backend\node_modules\axios\dist\node\axios.cjs:28:15)
    at Axios.request (E:\Ongoing\MOM3\mom-backend\node_modules\axios\dist\node\axios.cjs:4287:41)
    at process.processTicksAndRejections (node:internal/process/task_queues:95:5)
    at async Object.downloadZoomRecordingsInZip (E:\Ongoing\MOM3\mom-backend\services\meetingService.js:4416:22)
    at async downloadZoomRecordingsInZip (E:\Ongoing\MOM3\mom-backend\controllers\meetingController.js:937:20)
Date: 18/01/2025, Time: 12:03
Error: "headers.authorization" is required
Stack Trace: ValidationError: "headers.authorization" is required
Date: 18/01/2025, Time: 12:06
Error: "downloadUrls" is not allowed
Stack Trace: ValidationError: "downloadUrls" is not allowed
Date: 18/01/2025, Time: 12:07
Error: "downloadUrls" is not allowed
Stack Trace: ValidationError: "downloadUrls" is not allowed
Date: 18/01/2025, Time: 12:20
Error: "downloadUrls" is required
Stack Trace: ValidationError: "downloadUrls" is required
Date: 18/01/2025, Time: 15:00
Error: Minutes validation failed: title: Path `title` is required.
Stack Trace: ValidationError: Minutes validation failed: title: Path `title` is required.
    at Document.invalidate (E:\Ongoing\MOM3\mom-backend\node_modules\mongoose\lib\document.js:3312:32)
    at E:\Ongoing\MOM3\mom-backend\node_modules\mongoose\lib\document.js:3073:17
    at E:\Ongoing\MOM3\mom-backend\node_modules\mongoose\lib\schemaType.js:1388:9
    at process.processTicksAndRejections (node:internal/process/task_queues:77:11)
Date: 18/01/2025, Time: 15:01
Error: Minutes validation failed: title: Path `title` is required.
Stack Trace: ValidationError: Minutes validation failed: title: Path `title` is required.
    at Document.invalidate (E:\Ongoing\MOM3\mom-backend\node_modules\mongoose\lib\document.js:3312:32)
    at E:\Ongoing\MOM3\mom-backend\node_modules\mongoose\lib\document.js:3073:17
    at E:\Ongoing\MOM3\mom-backend\node_modules\mongoose\lib\schemaType.js:1388:9
    at process.processTicksAndRejections (node:internal/process/task_queues:77:11)
Date: 18/01/2025, Time: 15:30
Error: updateData?.attendees?.filter is not a function
Stack Trace: TypeError: updateData?.attendees?.filter is not a function
    at Object.updateMeeting (E:\Ongoing\MOM3\mom-backend\services\meetingService.js:157:52)
    at process.processTicksAndRejections (node:internal/process/task_queues:95:5)
    at async updateMeeting (E:\Ongoing\MOM3\mom-backend\controllers\meetingController.js:108:20)
Date: 18/01/2025, Time: 15:30
Error: updateData?.attendees?.filter is not a function
Stack Trace: TypeError: updateData?.attendees?.filter is not a function
    at Object.updateMeeting (E:\Ongoing\MOM3\mom-backend\services\meetingService.js:157:52)
    at process.processTicksAndRejections (node:internal/process/task_queues:95:5)
    at async updateMeeting (E:\Ongoing\MOM3\mom-backend\controllers\meetingController.js:108:20)
Date: 18/01/2025, Time: 16:19
Error: isActive is not defined
Stack Trace: ReferenceError: isActive is not defined
    at E:\Ongoing\MOM3\mom-backend\services\meetingService.js:2986:78
    at Array.map (<anonymous>)
    at E:\Ongoing\MOM3\mom-backend\services\meetingService.js:2982:12
    at Array.map (<anonymous>)
    at Object.viewMeetingStatistics (E:\Ongoing\MOM3\mom-backend\services\meetingService.js:2931:17)
    at process.processTicksAndRejections (node:internal/process/task_queues:95:5)
    at async viewMeetingStatistics (E:\Ongoing\MOM3\mom-backend\controllers\meetingController.js:583:20)
Date: 18/01/2025, Time: 16:19
Error: isActive is not defined
Stack Trace: ReferenceError: isActive is not defined
    at E:\Ongoing\MOM3\mom-backend\services\meetingService.js:2986:78
    at Array.map (<anonymous>)
    at E:\Ongoing\MOM3\mom-backend\services\meetingService.js:2982:12
    at Array.map (<anonymous>)
    at Object.viewMeetingStatistics (E:\Ongoing\MOM3\mom-backend\services\meetingService.js:2931:17)
    at process.processTicksAndRejections (node:internal/process/task_queues:95:5)
    at async viewMeetingStatistics (E:\Ongoing\MOM3\mom-backend\controllers\meetingController.js:583:20)
Date: 18/01/2025, Time: 16:34
Error: actionStatus is not defined
Stack Trace: ReferenceError: actionStatus is not defined
    at E:\Ongoing\MOM3\mom-backend\services\meetingService.js:2987:78
    at Array.map (<anonymous>)
    at E:\Ongoing\MOM3\mom-backend\services\meetingService.js:2983:12
    at Array.map (<anonymous>)
    at Object.viewMeetingStatistics (E:\Ongoing\MOM3\mom-backend\services\meetingService.js:2932:17)
    at process.processTicksAndRejections (node:internal/process/task_queues:95:5)
    at async viewMeetingStatistics (E:\Ongoing\MOM3\mom-backend\controllers\meetingController.js:583:20)
Date: 18/01/2025, Time: 16:34
Error: actionStatus is not defined
Stack Trace: ReferenceError: actionStatus is not defined
    at E:\Ongoing\MOM3\mom-backend\services\meetingService.js:2987:78
    at Array.map (<anonymous>)
    at E:\Ongoing\MOM3\mom-backend\services\meetingService.js:2983:12
    at Array.map (<anonymous>)
    at Object.viewMeetingStatistics (E:\Ongoing\MOM3\mom-backend\services\meetingService.js:2932:17)
    at process.processTicksAndRejections (node:internal/process/task_queues:95:5)
    at async viewMeetingStatistics (E:\Ongoing\MOM3\mom-backend\controllers\meetingController.js:583:20)
Date: 18/01/2025, Time: 16:34
Error: actionStatus is not defined
Stack Trace: ReferenceError: actionStatus is not defined
    at E:\Ongoing\MOM3\mom-backend\services\meetingService.js:2987:78
    at Array.map (<anonymous>)
    at E:\Ongoing\MOM3\mom-backend\services\meetingService.js:2983:12
    at Array.map (<anonymous>)
    at Object.viewMeetingStatistics (E:\Ongoing\MOM3\mom-backend\services\meetingService.js:2932:17)
    at process.processTicksAndRejections (node:internal/process/task_queues:95:5)
    at async viewMeetingStatistics (E:\Ongoing\MOM3\mom-backend\controllers\meetingController.js:583:20)
Date: 18/01/2025, Time: 16:34
Error: actionStatus is not defined
Stack Trace: ReferenceError: actionStatus is not defined
    at E:\Ongoing\MOM3\mom-backend\services\meetingService.js:2987:78
    at Array.map (<anonymous>)
    at E:\Ongoing\MOM3\mom-backend\services\meetingService.js:2983:12
    at Array.map (<anonymous>)
    at Object.viewMeetingStatistics (E:\Ongoing\MOM3\mom-backend\services\meetingService.js:2932:17)
    at process.processTicksAndRejections (node:internal/process/task_queues:95:5)
    at async viewMeetingStatistics (E:\Ongoing\MOM3\mom-backend\controllers\meetingController.js:583:20)
Date: 18/01/2025, Time: 16:34
Error: actionStatus is not defined
Stack Trace: ReferenceError: actionStatus is not defined
    at E:\Ongoing\MOM3\mom-backend\services\meetingService.js:2987:78
    at Array.map (<anonymous>)
    at E:\Ongoing\MOM3\mom-backend\services\meetingService.js:2983:12
    at Array.map (<anonymous>)
    at Object.viewMeetingStatistics (E:\Ongoing\MOM3\mom-backend\services\meetingService.js:2932:17)
    at process.processTicksAndRejections (node:internal/process/task_queues:95:5)
    at async viewMeetingStatistics (E:\Ongoing\MOM3\mom-backend\controllers\meetingController.js:583:20)
Date: 18/01/2025, Time: 16:34
Error: actionStatus is not defined
Stack Trace: ReferenceError: actionStatus is not defined
    at E:\Ongoing\MOM3\mom-backend\services\meetingService.js:2987:78
    at Array.map (<anonymous>)
    at E:\Ongoing\MOM3\mom-backend\services\meetingService.js:2983:12
    at Array.map (<anonymous>)
    at Object.viewMeetingStatistics (E:\Ongoing\MOM3\mom-backend\services\meetingService.js:2932:17)
    at process.processTicksAndRejections (node:internal/process/task_queues:95:5)
    at async viewMeetingStatistics (E:\Ongoing\MOM3\mom-backend\controllers\meetingController.js:583:20)
Date: 18/01/2025, Time: 17:31
Error: updateData?.attendees?.filter is not a function
Stack Trace: TypeError: updateData?.attendees?.filter is not a function
    at Object.updateMeeting (E:\Ongoing\MOM3\mom-backend\services\meetingService.js:157:52)
    at process.processTicksAndRejections (node:internal/process/task_queues:95:5)
    at async updateMeeting (E:\Ongoing\MOM3\mom-backend\controllers\meetingController.js:108:20)
Date: 18/01/2025, Time: 17:32
Error: E11000 duplicate key error collection: MOM_DEVELOPMENT.employees index: email_1 dup key: { email: "gu@g.im" }
Stack Trace: MongoBulkWriteError: E11000 duplicate key error collection: MOM_DEVELOPMENT.employees index: email_1 dup key: { email: "gu@g.im" }
    at OrderedBulkOperation.handleWriteError (E:\Ongoing\MOM3\mom-backend\node_modules\mongodb\lib\bulk\common.js:826:22)
    at resultHandler (E:\Ongoing\MOM3\mom-backend\node_modules\mongodb\lib\bulk\common.js:303:27)
    at E:\Ongoing\MOM3\mom-backend\node_modules\mongodb\lib\bulk\common.js:346:116
    at process.processTicksAndRejections (node:internal/process/task_queues:95:5)
Date: 18/01/2025, Time: 17:35
Error: E11000 duplicate key error collection: MOM_DEVELOPMENT.employees index: email_1 dup key: { email: "gu@g.im" }
Stack Trace: MongoBulkWriteError: E11000 duplicate key error collection: MOM_DEVELOPMENT.employees index: email_1 dup key: { email: "gu@g.im" }
    at OrderedBulkOperation.handleWriteError (E:\Ongoing\MOM3\mom-backend\node_modules\mongodb\lib\bulk\common.js:826:22)
    at resultHandler (E:\Ongoing\MOM3\mom-backend\node_modules\mongodb\lib\bulk\common.js:303:27)
    at E:\Ongoing\MOM3\mom-backend\node_modules\mongodb\lib\bulk\common.js:346:116
    at process.processTicksAndRejections (node:internal/process/task_queues:95:5)
Date: 18/01/2025, Time: 17:42
Error: E11000 duplicate key error collection: MOM_DEVELOPMENT.employees index: email_1 dup key: { email: "gu@g.im" }
Stack Trace: MongoBulkWriteError: E11000 duplicate key error collection: MOM_DEVELOPMENT.employees index: email_1 dup key: { email: "gu@g.im" }
    at OrderedBulkOperation.handleWriteError (E:\Ongoing\MOM3\mom-backend\node_modules\mongodb\lib\bulk\common.js:826:22)
    at resultHandler (E:\Ongoing\MOM3\mom-backend\node_modules\mongodb\lib\bulk\common.js:303:27)
    at E:\Ongoing\MOM3\mom-backend\node_modules\mongodb\lib\bulk\common.js:346:116
    at process.processTicksAndRejections (node:internal/process/task_queues:95:5)
Date: 18/01/2025, Time: 17:42
Error: E11000 duplicate key error collection: MOM_DEVELOPMENT.employees index: email_1 dup key: { email: "gu@g.im" }
Stack Trace: MongoBulkWriteError: E11000 duplicate key error collection: MOM_DEVELOPMENT.employees index: email_1 dup key: { email: "gu@g.im" }
    at OrderedBulkOperation.handleWriteError (E:\Ongoing\MOM3\mom-backend\node_modules\mongodb\lib\bulk\common.js:826:22)
    at resultHandler (E:\Ongoing\MOM3\mom-backend\node_modules\mongodb\lib\bulk\common.js:303:27)
    at E:\Ongoing\MOM3\mom-backend\node_modules\mongodb\lib\bulk\common.js:346:116
    at process.processTicksAndRejections (node:internal/process/task_queues:95:5)
Date: 18/01/2025, Time: 17:42
Error: attendeesData?.filter is not a function
Stack Trace: TypeError: attendeesData?.filter is not a function
    at Object.updateMeeting (E:\Ongoing\MOM3\mom-backend\services\meetingService.js:159:44)
    at process.processTicksAndRejections (node:internal/process/task_queues:95:5)
    at async updateMeeting (E:\Ongoing\MOM3\mom-backend\controllers\meetingController.js:108:20)
Date: 18/01/2025, Time: 17:45
Error: employees validation failed: email: xzczxx@f.k is not a valid email
Stack Trace: ValidationError: employees validation failed: email: xzczxx@f.k is not a valid email
    at Document.invalidate (E:\Ongoing\MOM3\mom-backend\node_modules\mongoose\lib\document.js:3312:32)
    at E:\Ongoing\MOM3\mom-backend\node_modules\mongoose\lib\document.js:3073:17
    at E:\Ongoing\MOM3\mom-backend\node_modules\mongoose\lib\schemaType.js:1388:9
    at process.processTicksAndRejections (node:internal/process/task_queues:77:11)
Date: 18/01/2025, Time: 17:46
Error: attendeesData?.filter is not a function
Stack Trace: TypeError: attendeesData?.filter is not a function
    at Object.updateMeeting (E:\Ongoing\MOM3\mom-backend\services\meetingService.js:162:44)
    at process.processTicksAndRejections (node:internal/process/task_queues:95:5)
    at async updateMeeting (E:\Ongoing\MOM3\mom-backend\controllers\meetingController.js:108:20)
Date: 21/01/2025, Time: 10:47
Error: Cannot set properties of undefined (setting 'isMinutesAdded')
Stack Trace: TypeError: Cannot set properties of undefined (setting 'isMinutesAdded')
    at Object.viewAgendas (E:\Ongoing\MOM3\mom-backend\services\agendaService.js:589:55)
    at process.processTicksAndRejections (node:internal/process/task_queues:95:5)
    at async viewAgendas (E:\Ongoing\MOM3\mom-backend\controllers\agendaController.js:90:20)
Date: 21/01/2025, Time: 10:47
Error: Cannot set properties of undefined (setting 'isMinutesAdded')
Stack Trace: TypeError: Cannot set properties of undefined (setting 'isMinutesAdded')
    at Object.viewAgendas (E:\Ongoing\MOM3\mom-backend\services\agendaService.js:589:55)
    at process.processTicksAndRejections (node:internal/process/task_queues:95:5)
    at async viewAgendas (E:\Ongoing\MOM3\mom-backend\controllers\agendaController.js:90:20)
Date: 21/01/2025, Time: 11:00
Error: "headers.authorization" is required
Stack Trace: ValidationError: "headers.authorization" is required
Date: 21/01/2025, Time: 11:42
Error: Cannot set properties of undefined (setting 'isMinutesAdded')
Stack Trace: TypeError: Cannot set properties of undefined (setting 'isMinutesAdded')
    at Object.viewAgendas (E:\Ongoing\MOM3\mom-backend\services\agendaService.js:589:55)
    at process.processTicksAndRejections (node:internal/process/task_queues:95:5)
    at async viewAgendas (E:\Ongoing\MOM3\mom-backend\controllers\agendaController.js:90:20)
Date: 21/01/2025, Time: 11:43
Error: Cannot set properties of undefined (setting 'isMinutesAdded')
Stack Trace: TypeError: Cannot set properties of undefined (setting 'isMinutesAdded')
    at Object.viewAgendas (E:\Ongoing\MOM3\mom-backend\services\agendaService.js:589:55)
    at process.processTicksAndRejections (node:internal/process/task_queues:95:5)
    at async viewAgendas (E:\Ongoing\MOM3\mom-backend\controllers\agendaController.js:90:20)
Date: 21/01/2025, Time: 12:16
Error: Cannot read properties of undefined (reading 'name')
Stack Trace: TypeError: Cannot read properties of undefined (reading 'name')
    at E:\Ongoing\MOM3\mom-backend\services\meetingService.js:926:32
    at Array.map (<anonymous>)
    at Object.viewMeeting (E:\Ongoing\MOM3\mom-backend\services\meetingService.js:922:33)
    at process.processTicksAndRejections (node:internal/process/task_queues:95:5)
    at async viewMeeting (E:\Ongoing\MOM3\mom-backend\controllers\meetingController.js:203:20)
Date: 21/01/2025, Time: 12:27
Error: Cannot set properties of undefined (setting 'isMinutesAdded')
Stack Trace: TypeError: Cannot set properties of undefined (setting 'isMinutesAdded')
    at Object.viewAgendas (E:\Ongoing\MOM3\mom-backend\services\agendaService.js:589:55)
    at process.processTicksAndRejections (node:internal/process/task_queues:95:5)
    at async viewAgendas (E:\Ongoing\MOM3\mom-backend\controllers\agendaController.js:90:20)
Date: 21/01/2025, Time: 13:05
Error: getaddrinfo ENOTFOUND ac-uhu9bdd-shard-00-00.6crwppo.mongodb.net
Stack Trace: MongoServerSelectionError: getaddrinfo ENOTFOUND ac-uhu9bdd-shard-00-00.6crwppo.mongodb.net
    at Topology.selectServer (E:\Ongoing\MOM3\mom-backend\node_modules\mongodb\lib\sdam\topology.js:303:38)
    at async executeOperation (E:\Ongoing\MOM3\mom-backend\node_modules\mongodb\lib\operations\execute_operation.js:101:20)
    at async FindCursor._initialize (E:\Ongoing\MOM3\mom-backend\node_modules\mongodb\lib\cursor\find_cursor.js:51:26)
    at async FindCursor.cursorInit (E:\Ongoing\MOM3\mom-backend\node_modules\mongodb\lib\cursor\abstract_cursor.js:471:27)
    at async FindCursor.fetchBatch (E:\Ongoing\MOM3\mom-backend\node_modules\mongodb\lib\cursor\abstract_cursor.js:503:13)
    at async FindCursor.next (E:\Ongoing\MOM3\mom-backend\node_modules\mongodb\lib\cursor\abstract_cursor.js:228:13)
    at async Collection.findOne (E:\Ongoing\MOM3\mom-backend\node_modules\mongodb\lib\collection.js:274:21)
    at async model.Query._findOne (E:\Ongoing\MOM3\mom-backend\node_modules\mongoose\lib\query.js:2602:15)
    at async model.Query.exec (E:\Ongoing\MOM3\mom-backend\node_modules\mongoose\lib\query.js:4412:63)
    at async Object.verifyEmployee (E:\Ongoing\MOM3\mom-backend\services\employeeService.js:364:10)
Date: 21/01/2025, Time: 13:05
Error: getaddrinfo ENOTFOUND ac-uhu9bdd-shard-00-00.6crwppo.mongodb.net
Stack Trace: MongoServerSelectionError: getaddrinfo ENOTFOUND ac-uhu9bdd-shard-00-00.6crwppo.mongodb.net
    at Topology.selectServer (E:\Ongoing\MOM3\mom-backend\node_modules\mongodb\lib\sdam\topology.js:303:38)
    at runNextTicks (node:internal/process/task_queues:60:5)
    at listOnTimeout (node:internal/timers:540:9)
    at process.processTimers (node:internal/timers:514:7)
    at async executeOperation (E:\Ongoing\MOM3\mom-backend\node_modules\mongodb\lib\operations\execute_operation.js:101:20)
    at async FindCursor._initialize (E:\Ongoing\MOM3\mom-backend\node_modules\mongodb\lib\cursor\find_cursor.js:51:26)
    at async FindCursor.cursorInit (E:\Ongoing\MOM3\mom-backend\node_modules\mongodb\lib\cursor\abstract_cursor.js:471:27)
    at async FindCursor.fetchBatch (E:\Ongoing\MOM3\mom-backend\node_modules\mongodb\lib\cursor\abstract_cursor.js:503:13)
    at async FindCursor.next (E:\Ongoing\MOM3\mom-backend\node_modules\mongodb\lib\cursor\abstract_cursor.js:228:13)
    at async Collection.findOne (E:\Ongoing\MOM3\mom-backend\node_modules\mongodb\lib\collection.js:274:21)
Date: 21/01/2025, Time: 13:05
Error: getaddrinfo ENOTFOUND ac-uhu9bdd-shard-00-00.6crwppo.mongodb.net
Stack Trace: MongoServerSelectionError: getaddrinfo ENOTFOUND ac-uhu9bdd-shard-00-00.6crwppo.mongodb.net
    at Topology.selectServer (E:\Ongoing\MOM3\mom-backend\node_modules\mongodb\lib\sdam\topology.js:303:38)
    at runNextTicks (node:internal/process/task_queues:60:5)
    at listOnTimeout (node:internal/timers:540:9)
    at process.processTimers (node:internal/timers:514:7)
    at async executeOperation (E:\Ongoing\MOM3\mom-backend\node_modules\mongodb\lib\operations\execute_operation.js:101:20)
    at async FindCursor._initialize (E:\Ongoing\MOM3\mom-backend\node_modules\mongodb\lib\cursor\find_cursor.js:51:26)
    at async FindCursor.cursorInit (E:\Ongoing\MOM3\mom-backend\node_modules\mongodb\lib\cursor\abstract_cursor.js:471:27)
    at async FindCursor.fetchBatch (E:\Ongoing\MOM3\mom-backend\node_modules\mongodb\lib\cursor\abstract_cursor.js:503:13)
    at async FindCursor.next (E:\Ongoing\MOM3\mom-backend\node_modules\mongodb\lib\cursor\abstract_cursor.js:228:13)
    at async Collection.findOne (E:\Ongoing\MOM3\mom-backend\node_modules\mongodb\lib\collection.js:274:21)
Date: 21/01/2025, Time: 13:05
Error: getaddrinfo ENOTFOUND ac-uhu9bdd-shard-00-00.6crwppo.mongodb.net
Stack Trace: MongoServerSelectionError: getaddrinfo ENOTFOUND ac-uhu9bdd-shard-00-00.6crwppo.mongodb.net
    at Topology.selectServer (E:\Ongoing\MOM3\mom-backend\node_modules\mongodb\lib\sdam\topology.js:303:38)
    at runNextTicks (node:internal/process/task_queues:60:5)
    at listOnTimeout (node:internal/timers:540:9)
    at process.processTimers (node:internal/timers:514:7)
    at async executeOperation (E:\Ongoing\MOM3\mom-backend\node_modules\mongodb\lib\operations\execute_operation.js:101:20)
    at async FindCursor._initialize (E:\Ongoing\MOM3\mom-backend\node_modules\mongodb\lib\cursor\find_cursor.js:51:26)
    at async FindCursor.cursorInit (E:\Ongoing\MOM3\mom-backend\node_modules\mongodb\lib\cursor\abstract_cursor.js:471:27)
    at async FindCursor.fetchBatch (E:\Ongoing\MOM3\mom-backend\node_modules\mongodb\lib\cursor\abstract_cursor.js:503:13)
    at async FindCursor.next (E:\Ongoing\MOM3\mom-backend\node_modules\mongodb\lib\cursor\abstract_cursor.js:228:13)
    at async Collection.findOne (E:\Ongoing\MOM3\mom-backend\node_modules\mongodb\lib\collection.js:274:21)
Date: 21/01/2025, Time: 13:05
Error: getaddrinfo ENOTFOUND ac-uhu9bdd-shard-00-00.6crwppo.mongodb.net
Stack Trace: MongoServerSelectionError: getaddrinfo ENOTFOUND ac-uhu9bdd-shard-00-00.6crwppo.mongodb.net
    at Topology.selectServer (E:\Ongoing\MOM3\mom-backend\node_modules\mongodb\lib\sdam\topology.js:303:38)
    at runNextTicks (node:internal/process/task_queues:60:5)
    at listOnTimeout (node:internal/timers:540:9)
    at process.processTimers (node:internal/timers:514:7)
    at async executeOperation (E:\Ongoing\MOM3\mom-backend\node_modules\mongodb\lib\operations\execute_operation.js:101:20)
    at async FindCursor._initialize (E:\Ongoing\MOM3\mom-backend\node_modules\mongodb\lib\cursor\find_cursor.js:51:26)
    at async FindCursor.cursorInit (E:\Ongoing\MOM3\mom-backend\node_modules\mongodb\lib\cursor\abstract_cursor.js:471:27)
    at async FindCursor.fetchBatch (E:\Ongoing\MOM3\mom-backend\node_modules\mongodb\lib\cursor\abstract_cursor.js:503:13)
    at async FindCursor.next (E:\Ongoing\MOM3\mom-backend\node_modules\mongodb\lib\cursor\abstract_cursor.js:228:13)
    at async Collection.findOne (E:\Ongoing\MOM3\mom-backend\node_modules\mongodb\lib\collection.js:274:21)
Date: 21/01/2025, Time: 13:05
Error: getaddrinfo ENOTFOUND ac-uhu9bdd-shard-00-00.6crwppo.mongodb.net
Stack Trace: MongoServerSelectionError: getaddrinfo ENOTFOUND ac-uhu9bdd-shard-00-00.6crwppo.mongodb.net
    at Topology.selectServer (E:\Ongoing\MOM3\mom-backend\node_modules\mongodb\lib\sdam\topology.js:303:38)
    at runNextTicks (node:internal/process/task_queues:60:5)
    at process.processTimers (node:internal/timers:511:9)
    at async executeOperation (E:\Ongoing\MOM3\mom-backend\node_modules\mongodb\lib\operations\execute_operation.js:101:20)
    at async FindCursor._initialize (E:\Ongoing\MOM3\mom-backend\node_modules\mongodb\lib\cursor\find_cursor.js:51:26)
    at async FindCursor.cursorInit (E:\Ongoing\MOM3\mom-backend\node_modules\mongodb\lib\cursor\abstract_cursor.js:471:27)
    at async FindCursor.fetchBatch (E:\Ongoing\MOM3\mom-backend\node_modules\mongodb\lib\cursor\abstract_cursor.js:503:13)
    at async FindCursor.next (E:\Ongoing\MOM3\mom-backend\node_modules\mongodb\lib\cursor\abstract_cursor.js:228:13)
    at async Collection.findOne (E:\Ongoing\MOM3\mom-backend\node_modules\mongodb\lib\collection.js:274:21)
    at async model.Query._findOne (E:\Ongoing\MOM3\mom-backend\node_modules\mongoose\lib\query.js:2602:15)
Date: 21/01/2025, Time: 13:06
Error: getaddrinfo ENOTFOUND ac-uhu9bdd-shard-00-00.6crwppo.mongodb.net
Stack Trace: MongoServerSelectionError: getaddrinfo ENOTFOUND ac-uhu9bdd-shard-00-00.6crwppo.mongodb.net
    at Topology.selectServer (E:\Ongoing\MOM3\mom-backend\node_modules\mongodb\lib\sdam\topology.js:303:38)
    at runNextTicks (node:internal/process/task_queues:60:5)
    at listOnTimeout (node:internal/timers:540:9)
    at process.processTimers (node:internal/timers:514:7)
    at async executeOperation (E:\Ongoing\MOM3\mom-backend\node_modules\mongodb\lib\operations\execute_operation.js:101:20)
    at async FindCursor._initialize (E:\Ongoing\MOM3\mom-backend\node_modules\mongodb\lib\cursor\find_cursor.js:51:26)
    at async FindCursor.cursorInit (E:\Ongoing\MOM3\mom-backend\node_modules\mongodb\lib\cursor\abstract_cursor.js:471:27)
    at async FindCursor.fetchBatch (E:\Ongoing\MOM3\mom-backend\node_modules\mongodb\lib\cursor\abstract_cursor.js:503:13)
    at async FindCursor.next (E:\Ongoing\MOM3\mom-backend\node_modules\mongodb\lib\cursor\abstract_cursor.js:228:13)
    at async Collection.findOne (E:\Ongoing\MOM3\mom-backend\node_modules\mongodb\lib\collection.js:274:21)
Date: 21/01/2025, Time: 13:06
Error: getaddrinfo ENOTFOUND ac-uhu9bdd-shard-00-00.6crwppo.mongodb.net
Stack Trace: MongoServerSelectionError: getaddrinfo ENOTFOUND ac-uhu9bdd-shard-00-00.6crwppo.mongodb.net
    at Topology.selectServer (E:\Ongoing\MOM3\mom-backend\node_modules\mongodb\lib\sdam\topology.js:303:38)
    at runNextTicks (node:internal/process/task_queues:60:5)
    at listOnTimeout (node:internal/timers:540:9)
    at process.processTimers (node:internal/timers:514:7)
    at async executeOperation (E:\Ongoing\MOM3\mom-backend\node_modules\mongodb\lib\operations\execute_operation.js:101:20)
    at async FindCursor._initialize (E:\Ongoing\MOM3\mom-backend\node_modules\mongodb\lib\cursor\find_cursor.js:51:26)
    at async FindCursor.cursorInit (E:\Ongoing\MOM3\mom-backend\node_modules\mongodb\lib\cursor\abstract_cursor.js:471:27)
    at async FindCursor.fetchBatch (E:\Ongoing\MOM3\mom-backend\node_modules\mongodb\lib\cursor\abstract_cursor.js:503:13)
    at async FindCursor.next (E:\Ongoing\MOM3\mom-backend\node_modules\mongodb\lib\cursor\abstract_cursor.js:228:13)
    at async Collection.findOne (E:\Ongoing\MOM3\mom-backend\node_modules\mongodb\lib\collection.js:274:21)
Date: 21/01/2025, Time: 13:06
Error: getaddrinfo ENOTFOUND ac-uhu9bdd-shard-00-00.6crwppo.mongodb.net
Stack Trace: MongoServerSelectionError: getaddrinfo ENOTFOUND ac-uhu9bdd-shard-00-00.6crwppo.mongodb.net
    at Topology.selectServer (E:\Ongoing\MOM3\mom-backend\node_modules\mongodb\lib\sdam\topology.js:303:38)
    at runNextTicks (node:internal/process/task_queues:60:5)
    at listOnTimeout (node:internal/timers:540:9)
    at process.processTimers (node:internal/timers:514:7)
    at async executeOperation (E:\Ongoing\MOM3\mom-backend\node_modules\mongodb\lib\operations\execute_operation.js:101:20)
    at async FindCursor._initialize (E:\Ongoing\MOM3\mom-backend\node_modules\mongodb\lib\cursor\find_cursor.js:51:26)
    at async FindCursor.cursorInit (E:\Ongoing\MOM3\mom-backend\node_modules\mongodb\lib\cursor\abstract_cursor.js:471:27)
    at async FindCursor.fetchBatch (E:\Ongoing\MOM3\mom-backend\node_modules\mongodb\lib\cursor\abstract_cursor.js:503:13)
    at async FindCursor.next (E:\Ongoing\MOM3\mom-backend\node_modules\mongodb\lib\cursor\abstract_cursor.js:228:13)
    at async Collection.findOne (E:\Ongoing\MOM3\mom-backend\node_modules\mongodb\lib\collection.js:274:21)
Date: 21/01/2025, Time: 13:06
Error: getaddrinfo ENOTFOUND ac-uhu9bdd-shard-00-00.6crwppo.mongodb.net
Stack Trace: MongoServerSelectionError: getaddrinfo ENOTFOUND ac-uhu9bdd-shard-00-00.6crwppo.mongodb.net
    at Topology.selectServer (E:\Ongoing\MOM3\mom-backend\node_modules\mongodb\lib\sdam\topology.js:303:38)
    at runNextTicks (node:internal/process/task_queues:60:5)
    at listOnTimeout (node:internal/timers:540:9)
    at process.processTimers (node:internal/timers:514:7)
    at async executeOperation (E:\Ongoing\MOM3\mom-backend\node_modules\mongodb\lib\operations\execute_operation.js:101:20)
    at async FindCursor._initialize (E:\Ongoing\MOM3\mom-backend\node_modules\mongodb\lib\cursor\find_cursor.js:51:26)
    at async FindCursor.cursorInit (E:\Ongoing\MOM3\mom-backend\node_modules\mongodb\lib\cursor\abstract_cursor.js:471:27)
    at async FindCursor.fetchBatch (E:\Ongoing\MOM3\mom-backend\node_modules\mongodb\lib\cursor\abstract_cursor.js:503:13)
    at async FindCursor.next (E:\Ongoing\MOM3\mom-backend\node_modules\mongodb\lib\cursor\abstract_cursor.js:228:13)
    at async Collection.findOne (E:\Ongoing\MOM3\mom-backend\node_modules\mongodb\lib\collection.js:274:21)
Date: 21/01/2025, Time: 13:06
Error: getaddrinfo ENOTFOUND ac-uhu9bdd-shard-00-00.6crwppo.mongodb.net
Stack Trace: MongoServerSelectionError: getaddrinfo ENOTFOUND ac-uhu9bdd-shard-00-00.6crwppo.mongodb.net
    at Topology.selectServer (E:\Ongoing\MOM3\mom-backend\node_modules\mongodb\lib\sdam\topology.js:303:38)
    at runNextTicks (node:internal/process/task_queues:60:5)
    at listOnTimeout (node:internal/timers:540:9)
    at process.processTimers (node:internal/timers:514:7)
    at async executeOperation (E:\Ongoing\MOM3\mom-backend\node_modules\mongodb\lib\operations\execute_operation.js:101:20)
    at async FindCursor._initialize (E:\Ongoing\MOM3\mom-backend\node_modules\mongodb\lib\cursor\find_cursor.js:51:26)
    at async FindCursor.cursorInit (E:\Ongoing\MOM3\mom-backend\node_modules\mongodb\lib\cursor\abstract_cursor.js:471:27)
    at async FindCursor.fetchBatch (E:\Ongoing\MOM3\mom-backend\node_modules\mongodb\lib\cursor\abstract_cursor.js:503:13)
    at async FindCursor.next (E:\Ongoing\MOM3\mom-backend\node_modules\mongodb\lib\cursor\abstract_cursor.js:228:13)
    at async Collection.findOne (E:\Ongoing\MOM3\mom-backend\node_modules\mongodb\lib\collection.js:274:21)
Date: 21/01/2025, Time: 13:06
Error: getaddrinfo ENOTFOUND ac-uhu9bdd-shard-00-00.6crwppo.mongodb.net
Stack Trace: MongoServerSelectionError: getaddrinfo ENOTFOUND ac-uhu9bdd-shard-00-00.6crwppo.mongodb.net
    at Topology.selectServer (E:\Ongoing\MOM3\mom-backend\node_modules\mongodb\lib\sdam\topology.js:303:38)
    at runNextTicks (node:internal/process/task_queues:60:5)
    at listOnTimeout (node:internal/timers:540:9)
    at process.processTimers (node:internal/timers:514:7)
    at async executeOperation (E:\Ongoing\MOM3\mom-backend\node_modules\mongodb\lib\operations\execute_operation.js:101:20)
    at async FindCursor._initialize (E:\Ongoing\MOM3\mom-backend\node_modules\mongodb\lib\cursor\find_cursor.js:51:26)
    at async FindCursor.cursorInit (E:\Ongoing\MOM3\mom-backend\node_modules\mongodb\lib\cursor\abstract_cursor.js:471:27)
    at async FindCursor.fetchBatch (E:\Ongoing\MOM3\mom-backend\node_modules\mongodb\lib\cursor\abstract_cursor.js:503:13)
    at async FindCursor.next (E:\Ongoing\MOM3\mom-backend\node_modules\mongodb\lib\cursor\abstract_cursor.js:228:13)
    at async Collection.findOne (E:\Ongoing\MOM3\mom-backend\node_modules\mongodb\lib\collection.js:274:21)
Date: 21/01/2025, Time: 14:41
Error: getNewAttendees is not defined
Stack Trace: ReferenceError: getNewAttendees is not defined
    at Object.updateMeeting (E:\Ongoing\MOM3\mom-backend\services\meetingService.js:540:73)
    at process.processTicksAndRejections (node:internal/process/task_queues:95:5)
    at async updateMeeting (E:\Ongoing\MOM3\mom-backend\controllers\meetingController.js:108:20)
Date: 21/01/2025, Time: 14:50
Error: hkghggyuguklyugkliu is not defined
Stack Trace: ReferenceError: hkghggyuguklyugkliu is not defined
    at Object.updateMeeting (E:\Ongoing\MOM3\mom-backend\services\meetingService.js:365:3)
    at process.processTicksAndRejections (node:internal/process/task_queues:95:5)
    at async updateMeeting (E:\Ongoing\MOM3\mom-backend\controllers\meetingController.js:108:20)
Date: 21/01/2025, Time: 14:51
Error: hkghggyuguklyugkliu is not defined
Stack Trace: ReferenceError: hkghggyuguklyugkliu is not defined
    at Object.updateMeeting (E:\Ongoing\MOM3\mom-backend\services\meetingService.js:365:3)
    at process.processTicksAndRejections (node:internal/process/task_queues:95:5)
    at async updateMeeting (E:\Ongoing\MOM3\mom-backend\controllers\meetingController.js:108:20)
Date: 21/01/2025, Time: 14:53
Error: hugliuhgluihliu is not defined
Stack Trace: ReferenceError: hugliuhgluihliu is not defined
    at Object.updateMeeting (E:\Ongoing\MOM3\mom-backend\services\meetingService.js:127:3)
    at updateMeeting (E:\Ongoing\MOM3\mom-backend\controllers\meetingController.js:108:41)
    at Layer.handle [as handle_request] (E:\Ongoing\MOM3\mom-backend\node_modules\express\lib\router\layer.js:95:5)
    at next (E:\Ongoing\MOM3\mom-backend\node_modules\express\lib\router\route.js:149:13)
    at verifyUserToken (E:\Ongoing\MOM3\mom-backend\middlewares\authMiddleware.js:29:7)
    at process.processTicksAndRejections (node:internal/process/task_queues:95:5)
Date: 21/01/2025, Time: 14:53
Error: hugliuhgluihliu is not defined
Stack Trace: ReferenceError: hugliuhgluihliu is not defined
    at Object.updateMeeting (E:\Ongoing\MOM3\mom-backend\services\meetingService.js:127:3)
    at updateMeeting (E:\Ongoing\MOM3\mom-backend\controllers\meetingController.js:108:41)
    at Layer.handle [as handle_request] (E:\Ongoing\MOM3\mom-backend\node_modules\express\lib\router\layer.js:95:5)
    at next (E:\Ongoing\MOM3\mom-backend\node_modules\express\lib\router\route.js:149:13)
    at verifyUserToken (E:\Ongoing\MOM3\mom-backend\middlewares\authMiddleware.js:29:7)
    at process.processTicksAndRejections (node:internal/process/task_queues:95:5)
Date: 21/01/2025, Time: 14:54
Error: querySrv ETIMEOUT _mongodb._tcp.ntspl.6crwppo.mongodb.net
Stack Trace: Error: querySrv ETIMEOUT _mongodb._tcp.ntspl.6crwppo.mongodb.net
    at QueryReqWrap.onresolve [as oncomplete] (node:internal/dns/promises:291:17)
Date: 21/01/2025, Time: 14:58
Error: dfsdfdfdasfd is not defined
Stack Trace: ReferenceError: dfsdfdfdasfd is not defined
    at Object.updateMeeting (E:\Ongoing\MOM3\mom-backend\services\meetingService.js:127:1)
    at updateMeeting (E:\Ongoing\MOM3\mom-backend\controllers\meetingController.js:108:41)
    at Layer.handle [as handle_request] (E:\Ongoing\MOM3\mom-backend\node_modules\express\lib\router\layer.js:95:5)
    at next (E:\Ongoing\MOM3\mom-backend\node_modules\express\lib\router\route.js:149:13)
    at verifyUserToken (E:\Ongoing\MOM3\mom-backend\middlewares\authMiddleware.js:29:7)
    at process.processTicksAndRejections (node:internal/process/task_queues:95:5)
Date: 21/01/2025, Time: 15:00
Error: dfsdfdfdasfd is not defined
Stack Trace: ReferenceError: dfsdfdfdasfd is not defined
    at Object.updateMeeting (E:\Ongoing\MOM3\mom-backend\services\meetingService.js:127:1)
    at updateMeeting (E:\Ongoing\MOM3\mom-backend\controllers\meetingController.js:108:41)
    at Layer.handle [as handle_request] (E:\Ongoing\MOM3\mom-backend\node_modules\express\lib\router\layer.js:95:5)
    at next (E:\Ongoing\MOM3\mom-backend\node_modules\express\lib\router\route.js:149:13)
    at verifyUserToken (E:\Ongoing\MOM3\mom-backend\middlewares\authMiddleware.js:29:7)
    at process.processTicksAndRejections (node:internal/process/task_queues:95:5)
Date: 21/01/2025, Time: 15:14
Error: dfsdfdfdasfd is not defined
Stack Trace: ReferenceError: dfsdfdfdasfd is not defined
    at Object.updateMeeting (E:\Ongoing\MOM3\mom-backend\services\meetingService.js:127:1)
    at updateMeeting (E:\Ongoing\MOM3\mom-backend\controllers\meetingController.js:108:41)
    at process.processTicksAndRejections (node:internal/process/task_queues:95:5)
Date: 21/01/2025, Time: 15:14
Error: dfsdfdfdasfd is not defined
Stack Trace: ReferenceError: dfsdfdfdasfd is not defined
    at Object.updateMeeting (E:\Ongoing\MOM3\mom-backend\services\meetingService.js:127:1)
    at updateMeeting (E:\Ongoing\MOM3\mom-backend\controllers\meetingController.js:108:41)
    at process.processTicksAndRejections (node:internal/process/task_queues:95:5)
Date: 21/01/2025, Time: 15:30
Error: kkkkkkkkkkkkkkkkkkkkkkkkkkkkkkkkkkkk is not defined
Stack Trace: ReferenceError: kkkkkkkkkkkkkkkkkkkkkkkkkkkkkkkkkkkk is not defined
    at Object.updateMeeting (E:\Ongoing\MOM3\mom-backend\services\meetingService.js:553:3)
    at process.processTicksAndRejections (node:internal/process/task_queues:95:5)
    at async updateMeeting (E:\Ongoing\MOM3\mom-backend\controllers\meetingController.js:108:20)
Date: 21/01/2025, Time: 15:30
Error: kkkkkkkkkkkkkkkkkkkkkkkkkkkkkkkkkkkk is not defined
Stack Trace: ReferenceError: kkkkkkkkkkkkkkkkkkkkkkkkkkkkkkkkkkkk is not defined
    at Object.updateMeeting (E:\Ongoing\MOM3\mom-backend\services\meetingService.js:553:3)
    at process.processTicksAndRejections (node:internal/process/task_queues:95:5)
    at async updateMeeting (E:\Ongoing\MOM3\mom-backend\controllers\meetingController.js:108:20)
Date: 21/01/2025, Time: 15:31
Error: kkkkkkkkkkkkkkkkkkkkkkkkkkkkkkkkkkkk is not defined
Stack Trace: ReferenceError: kkkkkkkkkkkkkkkkkkkkkkkkkkkkkkkkkkkk is not defined
    at Object.updateMeeting (E:\Ongoing\MOM3\mom-backend\services\meetingService.js:553:3)
    at process.processTicksAndRejections (node:internal/process/task_queues:95:5)
    at async updateMeeting (E:\Ongoing\MOM3\mom-backend\controllers\meetingController.js:108:20)
Date: 22/01/2025, Time: 17:17
Error: Cannot read properties of undefined (reading 'name')
Stack Trace: TypeError: Cannot read properties of undefined (reading 'name')
    at E:\Ongoing\MOM3\mom-backend\services\meetingService.js:918:32
    at Array.map (<anonymous>)
    at Object.viewMeeting (E:\Ongoing\MOM3\mom-backend\services\meetingService.js:914:33)
    at process.processTicksAndRejections (node:internal/process/task_queues:95:5)
    at async viewMeeting (E:\Ongoing\MOM3\mom-backend\controllers\meetingController.js:203:20)
Date: 22/01/2025, Time: 17:27
Error: Cannot read properties of undefined (reading 'name')
Stack Trace: TypeError: Cannot read properties of undefined (reading 'name')
    at E:\Ongoing\MOM3\mom-backend\services\meetingService.js:918:32
    at Array.map (<anonymous>)
    at viewMeeting (E:\Ongoing\MOM3\mom-backend\services\meetingService.js:914:33)
    at process.processTicksAndRejections (node:internal/process/task_queues:95:5)
    at async Object.updateMeeting (E:\Ongoing\MOM3\mom-backend\services\meetingService.js:306:19)
    at async updateMeeting (E:\Ongoing\MOM3\mom-backend\controllers\meetingController.js:108:20)
Date: 22/01/2025, Time: 17:27
Error: Cannot set properties of undefined (setting 'isMinutesAdded')
Stack Trace: TypeError: Cannot set properties of undefined (setting 'isMinutesAdded')
    at Object.viewAgendas (E:\Ongoing\MOM3\mom-backend\services\agendaService.js:589:55)
    at process.processTicksAndRejections (node:internal/process/task_queues:95:5)
    at async viewAgendas (E:\Ongoing\MOM3\mom-backend\controllers\agendaController.js:90:20)
Date: 22/01/2025, Time: 17:28
Error: Cannot read properties of undefined (reading 'name')
Stack Trace: TypeError: Cannot read properties of undefined (reading 'name')
    at E:\Ongoing\MOM3\mom-backend\services\meetingService.js:918:32
    at Array.map (<anonymous>)
    at Object.viewMeeting (E:\Ongoing\MOM3\mom-backend\services\meetingService.js:914:33)
    at process.processTicksAndRejections (node:internal/process/task_queues:95:5)
    at async viewMeeting (E:\Ongoing\MOM3\mom-backend\controllers\meetingController.js:203:20)
Date: 22/01/2025, Time: 18:05
Error: Cannot read properties of undefined (reading 'status')
Stack Trace: TypeError: Cannot read properties of undefined (reading 'status')
    at Object.updateMeeting (E:\Ongoing\MOM3\mom-backend\services\meetingService.js:492:37)
    at process.processTicksAndRejections (node:internal/process/task_queues:95:5)
    at async updateMeeting (E:\Ongoing\MOM3\mom-backend\controllers\meetingController.js:108:20)
Date: 22/01/2025, Time: 18:17
Error: Cannot read properties of undefined (reading 'name')
Stack Trace: TypeError: Cannot read properties of undefined (reading 'name')
    at E:\Ongoing\MOM3\mom-backend\services\meetingService.js:920:32
    at Array.map (<anonymous>)
    at Object.viewMeeting (E:\Ongoing\MOM3\mom-backend\services\meetingService.js:916:33)
    at process.processTicksAndRejections (node:internal/process/task_queues:95:5)
    at async viewMeeting (E:\Ongoing\MOM3\mom-backend\controllers\meetingController.js:203:20)
Date: 22/01/2025, Time: 18:44
Error: array is not defined
Stack Trace: ReferenceError: array is not defined
    at Object.listAttendeesFromPreviousMeeting (E:\Ongoing\MOM3\mom-backend\services\meetingService.js:1455:22)
    at process.processTicksAndRejections (node:internal/process/task_queues:95:5)
    at async listAttendeesFromPreviousMeeting (E:\Ongoing\MOM3\mom-backend\controllers\meetingController.js:229:20)
Date: 22/01/2025, Time: 18:47
Error: array is not defined
Stack Trace: ReferenceError: array is not defined
    at Object.listAttendeesFromPreviousMeeting (E:\Ongoing\MOM3\mom-backend\services\meetingService.js:1455:23)
    at process.processTicksAndRejections (node:internal/process/task_queues:95:5)
    at async listAttendeesFromPreviousMeeting (E:\Ongoing\MOM3\mom-backend\controllers\meetingController.js:229:20)
Date: 22/01/2025, Time: 18:49
Error: Cannot read properties of undefined (reading 'name')
Stack Trace: TypeError: Cannot read properties of undefined (reading 'name')
    at E:\Ongoing\MOM3\mom-backend\services\meetingService.js:921:32
    at Array.map (<anonymous>)
    at Object.viewMeeting (E:\Ongoing\MOM3\mom-backend\services\meetingService.js:917:33)
    at process.processTicksAndRejections (node:internal/process/task_queues:95:5)
    at async viewMeeting (E:\Ongoing\MOM3\mom-backend\controllers\meetingController.js:203:20)
Date: 23/01/2025, Time: 10:17
Error: Cannot read properties of undefined (reading 'name')
Stack Trace: TypeError: Cannot read properties of undefined (reading 'name')
    at E:\Ongoing\MOM3\mom-backend\services\meetingService.js:921:32
    at Array.map (<anonymous>)
    at Object.viewMeeting (E:\Ongoing\MOM3\mom-backend\services\meetingService.js:917:33)
    at process.processTicksAndRejections (node:internal/process/task_queues:95:5)
    at async viewMeeting (E:\Ongoing\MOM3\mom-backend\controllers\meetingController.js:203:20)
Date: 23/01/2025, Time: 10:18
Error: Cannot read properties of undefined (reading 'name')
Stack Trace: TypeError: Cannot read properties of undefined (reading 'name')
    at E:\Ongoing\MOM3\mom-backend\services\meetingService.js:921:32
    at Array.map (<anonymous>)
    at Object.viewMeeting (E:\Ongoing\MOM3\mom-backend\services\meetingService.js:917:33)
    at process.processTicksAndRejections (node:internal/process/task_queues:95:5)
    at async viewMeeting (E:\Ongoing\MOM3\mom-backend\controllers\meetingController.js:203:20)
Date: 23/01/2025, Time: 11:51
Error: bbbbbbbbbbb is not defined
Stack Trace: ReferenceError: bbbbbbbbbbb is not defined
    at Object.viewParentAgendas (E:\Ongoing\MOM3\mom-backend\services\meetingService.js:2763:5)
    at process.processTicksAndRejections (node:internal/process/task_queues:95:5)
    at async viewParentMeeting (E:\Ongoing\MOM3\mom-backend\controllers\meetingController.js:554:20)
Date: 23/01/2025, Time: 11:52
Error: bbbbbbbbbbb is not defined
Stack Trace: ReferenceError: bbbbbbbbbbb is not defined
    at Object.viewParentAgendas (E:\Ongoing\MOM3\mom-backend\services\meetingService.js:2766:5)
    at process.processTicksAndRejections (node:internal/process/task_queues:95:5)
    at async viewParentMeeting (E:\Ongoing\MOM3\mom-backend\controllers\meetingController.js:554:20)
Date: 23/01/2025, Time: 11:53
Error: bbbbbbbbbbb is not defined
Stack Trace: ReferenceError: bbbbbbbbbbb is not defined
    at Object.viewParentAgendas (E:\Ongoing\MOM3\mom-backend\services\meetingService.js:2766:5)
    at process.processTicksAndRejections (node:internal/process/task_queues:95:5)
    at async viewParentMeeting (E:\Ongoing\MOM3\mom-backend\controllers\meetingController.js:554:20)
Date: 23/01/2025, Time: 11:54
Error: bbbbbbbbbbb is not defined
Stack Trace: ReferenceError: bbbbbbbbbbb is not defined
    at Object.viewParentAgendas (E:\Ongoing\MOM3\mom-backend\services\meetingService.js:2766:5)
    at process.processTicksAndRejections (node:internal/process/task_queues:95:5)
    at async viewParentMeeting (E:\Ongoing\MOM3\mom-backend\controllers\meetingController.js:554:20)
Date: 23/01/2025, Time: 11:56
Error: bbbbbbbbbbb is not defined
Stack Trace: ReferenceError: bbbbbbbbbbb is not defined
    at Object.viewParentAgendas (E:\Ongoing\MOM3\mom-backend\services\meetingService.js:2766:5)
    at process.processTicksAndRejections (node:internal/process/task_queues:95:5)
    at async viewParentMeeting (E:\Ongoing\MOM3\mom-backend\controllers\meetingController.js:554:20)
Date: 23/01/2025, Time: 11:57
Error: bbbbbbbbbbb is not defined
Stack Trace: ReferenceError: bbbbbbbbbbb is not defined
    at Object.viewParentAgendas (E:\Ongoing\MOM3\mom-backend\services\meetingService.js:2766:5)
    at process.processTicksAndRejections (node:internal/process/task_queues:95:5)
    at async viewParentMeeting (E:\Ongoing\MOM3\mom-backend\controllers\meetingController.js:554:20)
Date: 23/01/2025, Time: 11:57
Error: bbbbbbbbbbb is not defined
Stack Trace: ReferenceError: bbbbbbbbbbb is not defined
    at Object.viewParentAgendas (E:\Ongoing\MOM3\mom-backend\services\meetingService.js:2766:5)
    at process.processTicksAndRejections (node:internal/process/task_queues:95:5)
    at async viewParentMeeting (E:\Ongoing\MOM3\mom-backend\controllers\meetingController.js:554:20)
Date: 23/01/2025, Time: 12:00
Error: mmmmmmmmmmmmmm is not defined
Stack Trace: ReferenceError: mmmmmmmmmmmmmm is not defined
    at Object.viewParentAgendas (E:\Ongoing\MOM3\mom-backend\services\meetingService.js:2788:7)
    at process.processTicksAndRejections (node:internal/process/task_queues:95:5)
    at async viewParentMeeting (E:\Ongoing\MOM3\mom-backend\controllers\meetingController.js:554:20)
Date: 23/01/2025, Time: 12:04
Error: mmmmmmmmmmmmmm is not defined
Stack Trace: ReferenceError: mmmmmmmmmmmmmm is not defined
    at Object.viewParentAgendas (E:\Ongoing\MOM3\mom-backend\services\meetingService.js:2789:7)
    at process.processTicksAndRejections (node:internal/process/task_queues:95:5)
    at async viewParentMeeting (E:\Ongoing\MOM3\mom-backend\controllers\meetingController.js:554:20)
Date: 23/01/2025, Time: 12:09
Error: mmmmmmmmmmmmmm is not defined
Stack Trace: ReferenceError: mmmmmmmmmmmmmm is not defined
    at Object.viewParentAgendas (E:\Ongoing\MOM3\mom-backend\services\meetingService.js:2789:7)
    at process.processTicksAndRejections (node:internal/process/task_queues:95:5)
    at async viewParentMeeting (E:\Ongoing\MOM3\mom-backend\controllers\meetingController.js:554:20)
Date: 23/01/2025, Time: 12:11
Error: mmmmmmmmmmmmmm is not defined
Stack Trace: ReferenceError: mmmmmmmmmmmmmm is not defined
    at Object.viewParentAgendas (E:\Ongoing\MOM3\mom-backend\services\meetingService.js:2790:7)
    at process.processTicksAndRejections (node:internal/process/task_queues:95:5)
    at async viewParentMeeting (E:\Ongoing\MOM3\mom-backend\controllers\meetingController.js:554:20)
Date: 23/01/2025, Time: 12:12
Error: mmmmmmmmmmmmmm is not defined
Stack Trace: ReferenceError: mmmmmmmmmmmmmm is not defined
    at Object.viewParentAgendas (E:\Ongoing\MOM3\mom-backend\services\meetingService.js:2790:7)
    at process.processTicksAndRejections (node:internal/process/task_queues:95:5)
    at async viewParentMeeting (E:\Ongoing\MOM3\mom-backend\controllers\meetingController.js:554:20)
Date: 23/01/2025, Time: 12:13
Error: mmmmmmmmmmmmmm is not defined
Stack Trace: ReferenceError: mmmmmmmmmmmmmm is not defined
    at Object.viewParentAgendas (E:\Ongoing\MOM3\mom-backend\services\meetingService.js:2790:7)
    at process.processTicksAndRejections (node:internal/process/task_queues:95:5)
    at async viewParentMeeting (E:\Ongoing\MOM3\mom-backend\controllers\meetingController.js:554:20)
Date: 23/01/2025, Time: 17:45
Error: "headers.authorization" is required
Stack Trace: ValidationError: "headers.authorization" is required
Date: 24/01/2025, Time: 12:56
Error: Cannot read properties of undefined (reading 'name')
Stack Trace: TypeError: Cannot read properties of undefined (reading 'name')
    at D:\Harihar's\On Going\mom-backend\services\meetingService.js:921:32
    at Array.map (<anonymous>)
    at Object.viewMeeting (D:\Harihar's\On Going\mom-backend\services\meetingService.js:917:33)
    at process.processTicksAndRejections (node:internal/process/task_queues:105:5)
    at async viewMeeting (D:\Harihar's\On Going\mom-backend\controllers\meetingController.js:203:20)
Date: 24/01/2025, Time: 12:56
Error: Cannot read properties of undefined (reading 'name')
Stack Trace: TypeError: Cannot read properties of undefined (reading 'name')
    at D:\Harihar's\On Going\mom-backend\services\meetingService.js:921:32
    at Array.map (<anonymous>)
    at Object.viewMeeting (D:\Harihar's\On Going\mom-backend\services\meetingService.js:917:33)
    at process.processTicksAndRejections (node:internal/process/task_queues:105:5)
    at async viewMeeting (D:\Harihar's\On Going\mom-backend\controllers\meetingController.js:203:20)
Date: 24/01/2025, Time: 12:57
Error: Cannot read properties of undefined (reading 'name')
Stack Trace: TypeError: Cannot read properties of undefined (reading 'name')
    at D:\Harihar's\On Going\mom-backend\services\meetingService.js:921:32
    at Array.map (<anonymous>)
    at Object.viewMeeting (D:\Harihar's\On Going\mom-backend\services\meetingService.js:917:33)
    at process.processTicksAndRejections (node:internal/process/task_queues:105:5)
    at async viewMeeting (D:\Harihar's\On Going\mom-backend\controllers\meetingController.js:203:20)
Date: 24/01/2025, Time: 12:57
Error: Cannot read properties of undefined (reading 'name')
Stack Trace: TypeError: Cannot read properties of undefined (reading 'name')
    at D:\Harihar's\On Going\mom-backend\services\meetingService.js:921:32
    at Array.map (<anonymous>)
    at Object.viewMeeting (D:\Harihar's\On Going\mom-backend\services\meetingService.js:917:33)
    at process.processTicksAndRejections (node:internal/process/task_queues:105:5)
    at async viewMeeting (D:\Harihar's\On Going\mom-backend\controllers\meetingController.js:203:20)
Date: 24/01/2025, Time: 12:57
Error: Cannot read properties of undefined (reading 'name')
Stack Trace: TypeError: Cannot read properties of undefined (reading 'name')
    at D:\Harihar's\On Going\mom-backend\services\meetingService.js:921:32
    at Array.map (<anonymous>)
    at Object.viewMeeting (D:\Harihar's\On Going\mom-backend\services\meetingService.js:917:33)
    at process.processTicksAndRejections (node:internal/process/task_queues:105:5)
    at async viewMeeting (D:\Harihar's\On Going\mom-backend\controllers\meetingController.js:203:20)
Date: 24/01/2025, Time: 18:30
Error: Cannot read properties of undefined (reading 'name')
Stack Trace: TypeError: Cannot read properties of undefined (reading 'name')
    at D:\Harihar's\On Going\mom-backend\services\meetingService.js:921:32
    at Array.map (<anonymous>)
    at Object.viewMeeting (D:\Harihar's\On Going\mom-backend\services\meetingService.js:917:33)
    at process.processTicksAndRejections (node:internal/process/task_queues:105:5)
    at async viewMeeting (D:\Harihar's\On Going\mom-backend\controllers\meetingController.js:203:20)
Date: 24/01/2025, Time: 18:30
Error: Cannot read properties of undefined (reading 'name')
Stack Trace: TypeError: Cannot read properties of undefined (reading 'name')
    at D:\Harihar's\On Going\mom-backend\services\meetingService.js:921:32
    at Array.map (<anonymous>)
    at Object.viewMeeting (D:\Harihar's\On Going\mom-backend\services\meetingService.js:917:33)
    at process.processTicksAndRejections (node:internal/process/task_queues:105:5)
    at async viewMeeting (D:\Harihar's\On Going\mom-backend\controllers\meetingController.js:203:20)
Date: 27/01/2025, Time: 12:02
Error: querySrv ESERVFAIL _mongodb._tcp.ntspl.6crwppo.mongodb.net
Stack Trace: Error: querySrv ESERVFAIL _mongodb._tcp.ntspl.6crwppo.mongodb.net
    at QueryReqWrap.onresolve [as oncomplete] (node:internal/dns/promises:293:17)
Date: 27/01/2025, Time: 15:26
Error: Regular expression is invalid: missing closing parenthesis
Stack Trace: MongoServerError: Regular expression is invalid: missing closing parenthesis
    at Connection.sendCommand (D:\On Going\mom-backend\node_modules\mongoose\node_modules\mongodb\lib\cmap\connection.js:290:27)
    at process.processTicksAndRejections (node:internal/process/task_queues:105:5)
    at async Connection.command (D:\On Going\mom-backend\node_modules\mongoose\node_modules\mongodb\lib\cmap\connection.js:317:26)
    at async Server.command (D:\On Going\mom-backend\node_modules\mongoose\node_modules\mongodb\lib\sdam\server.js:167:29)
    at async FindOperation.execute (D:\On Going\mom-backend\node_modules\mongoose\node_modules\mongodb\lib\operations\find.js:34:16)
    at async tryOperation (D:\On Going\mom-backend\node_modules\mongoose\node_modules\mongodb\lib\operations\execute_operation.js:199:20)
    at async executeOperation (D:\On Going\mom-backend\node_modules\mongoose\node_modules\mongodb\lib\operations\execute_operation.js:69:16)
    at async FindCursor._initialize (D:\On Going\mom-backend\node_modules\mongoose\node_modules\mongodb\lib\cursor\find_cursor.js:51:26)
    at async FindCursor.cursorInit (D:\On Going\mom-backend\node_modules\mongoose\node_modules\mongodb\lib\cursor\abstract_cursor.js:495:27)
    at async FindCursor.fetchBatch (D:\On Going\mom-backend\node_modules\mongoose\node_modules\mongodb\lib\cursor\abstract_cursor.js:527:13)
Date: 27/01/2025, Time: 15:26
Error: Regular expression is invalid: missing closing parenthesis
Stack Trace: MongoServerError: Regular expression is invalid: missing closing parenthesis
    at Connection.sendCommand (D:\On Going\mom-backend\node_modules\mongoose\node_modules\mongodb\lib\cmap\connection.js:290:27)
    at process.processTicksAndRejections (node:internal/process/task_queues:105:5)
    at async Connection.command (D:\On Going\mom-backend\node_modules\mongoose\node_modules\mongodb\lib\cmap\connection.js:317:26)
    at async Server.command (D:\On Going\mom-backend\node_modules\mongoose\node_modules\mongodb\lib\sdam\server.js:167:29)
    at async FindOperation.execute (D:\On Going\mom-backend\node_modules\mongoose\node_modules\mongodb\lib\operations\find.js:34:16)
    at async tryOperation (D:\On Going\mom-backend\node_modules\mongoose\node_modules\mongodb\lib\operations\execute_operation.js:199:20)
    at async executeOperation (D:\On Going\mom-backend\node_modules\mongoose\node_modules\mongodb\lib\operations\execute_operation.js:69:16)
    at async FindCursor._initialize (D:\On Going\mom-backend\node_modules\mongoose\node_modules\mongodb\lib\cursor\find_cursor.js:51:26)
    at async FindCursor.cursorInit (D:\On Going\mom-backend\node_modules\mongoose\node_modules\mongodb\lib\cursor\abstract_cursor.js:495:27)
    at async FindCursor.fetchBatch (D:\On Going\mom-backend\node_modules\mongoose\node_modules\mongodb\lib\cursor\abstract_cursor.js:527:13)
Date: 27/01/2025, Time: 16:37
Error: Unit address is required.
Stack Trace: ValidationError: Unit address is required.
Date: 27/01/2025, Time: 18:29
Error: "attendees" is required
Stack Trace: ValidationError: "attendees" is required
Date: 30/01/2025, Time: 11:48
Error: querySrv ETIMEOUT _mongodb._tcp.ntspl.6crwppo.mongodb.net
Stack Trace: Error: querySrv ETIMEOUT _mongodb._tcp.ntspl.6crwppo.mongodb.net
    at QueryReqWrap.onresolve [as oncomplete] (node:internal/dns/promises:293:17)
Date: 30/01/2025, Time: 12:18
Error: Operation `employees.findOne()` buffering timed out after 10000ms
Stack Trace: MongooseError: Operation `employees.findOne()` buffering timed out after 10000ms
    at Timeout.<anonymous> (D:\On Going\mom-backend\node_modules\mongoose\lib\drivers\node-mongodb-native\collection.js:185:23)
    at listOnTimeout (node:internal/timers:594:17)
    at process.processTimers (node:internal/timers:529:7)
Date: 30/01/2025, Time: 12:18
Error: Operation `employees.findOne()` buffering timed out after 10000ms
Stack Trace: MongooseError: Operation `employees.findOne()` buffering timed out after 10000ms
    at Timeout.<anonymous> (D:\On Going\mom-backend\node_modules\mongoose\lib\drivers\node-mongodb-native\collection.js:185:23)
    at listOnTimeout (node:internal/timers:594:17)
    at process.processTimers (node:internal/timers:529:7)
Date: 30/01/2025, Time: 12:18
Error: Operation `employees.findOne()` buffering timed out after 10000ms
Stack Trace: MongooseError: Operation `employees.findOne()` buffering timed out after 10000ms
    at Timeout.<anonymous> (D:\On Going\mom-backend\node_modules\mongoose\lib\drivers\node-mongodb-native\collection.js:185:23)
    at listOnTimeout (node:internal/timers:594:17)
    at process.processTimers (node:internal/timers:529:7)
Date: 30/01/2025, Time: 12:18
Error: Operation `employees.findOne()` buffering timed out after 10000ms
Stack Trace: MongooseError: Operation `employees.findOne()` buffering timed out after 10000ms
    at Timeout.<anonymous> (D:\On Going\mom-backend\node_modules\mongoose\lib\drivers\node-mongodb-native\collection.js:185:23)
    at listOnTimeout (node:internal/timers:594:17)
    at process.processTimers (node:internal/timers:529:7)
Date: 30/01/2025, Time: 12:18
Error: Operation `employees.findOne()` buffering timed out after 10000ms
Stack Trace: MongooseError: Operation `employees.findOne()` buffering timed out after 10000ms
    at Timeout.<anonymous> (D:\On Going\mom-backend\node_modules\mongoose\lib\drivers\node-mongodb-native\collection.js:185:23)
    at listOnTimeout (node:internal/timers:594:17)
    at process.processTimers (node:internal/timers:529:7)
Date: 30/01/2025, Time: 12:18
Error: Operation `employees.findOne()` buffering timed out after 10000ms
Stack Trace: MongooseError: Operation `employees.findOne()` buffering timed out after 10000ms
    at Timeout.<anonymous> (D:\On Going\mom-backend\node_modules\mongoose\lib\drivers\node-mongodb-native\collection.js:185:23)
    at listOnTimeout (node:internal/timers:594:17)
    at process.processTimers (node:internal/timers:529:7)
Date: 30/01/2025, Time: 17:36
Error: Cannot read properties of undefined (reading 'name')
Stack Trace: TypeError: Cannot read properties of undefined (reading 'name')
    at D:\On Going\mom-backend\emailSetUp\emailTemplates.js:991:25
    at new Promise (<anonymous>)
    at Object.actionAssignEmailTemplate (D:\On Going\mom-backend\emailSetUp\emailTemplates.js:934:3)
    at Object.updateMinute (D:\On Going\mom-backend\services\minutesService.js:936:45)
    at process.processTicksAndRejections (node:internal/process/task_queues:105:5)
    at async updateMinute (D:\On Going\mom-backend\controllers\minutesController.js:303:20)
Date: 30/01/2025, Time: 18:25
Error: Cannot read properties of undefined (reading 'name')
Stack Trace: TypeError: Cannot read properties of undefined (reading 'name')
    at D:\On Going\mom-backend\emailSetUp\emailTemplates.js:991:25
    at new Promise (<anonymous>)
    at Object.actionAssignEmailTemplate (D:\On Going\mom-backend\emailSetUp\emailTemplates.js:934:3)
    at Object.updateMinute (D:\On Going\mom-backend\services\minutesService.js:935:45)
    at process.processTicksAndRejections (node:internal/process/task_queues:105:5)
    at async updateMinute (D:\On Going\mom-backend\controllers\minutesController.js:303:20)
Date: 30/01/2025, Time: 18:29
Error: newMinutes is not defined
Stack Trace: ReferenceError: newMinutes is not defined
    at Object.updateMinute (D:\On Going\mom-backend\services\minutesService.js:962:65)
    at process.processTicksAndRejections (node:internal/process/task_queues:105:5)
    at async updateMinute (D:\On Going\mom-backend\controllers\minutesController.js:303:20)
Date: 30/01/2025, Time: 18:50
Error: userData is not defined
Stack Trace: ReferenceError: userData is not defined
    at reAssignAction (D:\On Going\mom-backend\controllers\actionController.js:103:11)
    at process.processTicksAndRejections (node:internal/process/task_queues:105:5)
Date: 30/01/2025, Time: 18:52
Error: userData is not defined
Stack Trace: ReferenceError: userData is not defined
    at reAssignAction (D:\On Going\mom-backend\controllers\actionController.js:103:11)
    at process.processTicksAndRejections (node:internal/process/task_queues:105:5)
Date: 30/01/2025, Time: 18:55
Error: userData is not defined
Stack Trace: ReferenceError: userData is not defined
    at reAssignAction (D:\On Going\mom-backend\controllers\actionController.js:103:11)
    at process.processTicksAndRejections (node:internal/process/task_queues:105:5)
Date: 03/02/2025, Time: 12:45
Error: "attendees" is not allowed
Stack Trace: ValidationError: "attendees" is not allowed
Date: 03/02/2025, Time: 17:47
Error: getaddrinfo ENOTFOUND ac-uhu9bdd-shard-00-00.6crwppo.mongodb.net
Stack Trace: MongoServerSelectionError: getaddrinfo ENOTFOUND ac-uhu9bdd-shard-00-00.6crwppo.mongodb.net
    at Topology.selectServer (E:\Ongoing\MOM3\mom-backend\node_modules\mongodb\lib\sdam\topology.js:303:38)
    at runNextTicks (node:internal/process/task_queues:60:5)
    at listOnTimeout (node:internal/timers:540:9)
    at process.processTimers (node:internal/timers:514:7)
    at async executeOperation (E:\Ongoing\MOM3\mom-backend\node_modules\mongodb\lib\operations\execute_operation.js:101:20)
    at async FindCursor._initialize (E:\Ongoing\MOM3\mom-backend\node_modules\mongodb\lib\cursor\find_cursor.js:51:26)
    at async FindCursor.cursorInit (E:\Ongoing\MOM3\mom-backend\node_modules\mongodb\lib\cursor\abstract_cursor.js:471:27)
    at async FindCursor.fetchBatch (E:\Ongoing\MOM3\mom-backend\node_modules\mongodb\lib\cursor\abstract_cursor.js:503:13)
    at async FindCursor.next (E:\Ongoing\MOM3\mom-backend\node_modules\mongodb\lib\cursor\abstract_cursor.js:228:13)
    at async Collection.findOne (E:\Ongoing\MOM3\mom-backend\node_modules\mongodb\lib\collection.js:274:21)
Date: 03/02/2025, Time: 17:47
Error: getaddrinfo ENOTFOUND ac-uhu9bdd-shard-00-00.6crwppo.mongodb.net
Stack Trace: MongoServerSelectionError: getaddrinfo ENOTFOUND ac-uhu9bdd-shard-00-00.6crwppo.mongodb.net
    at Topology.selectServer (E:\Ongoing\MOM3\mom-backend\node_modules\mongodb\lib\sdam\topology.js:303:38)
    at runNextTicks (node:internal/process/task_queues:60:5)
    at process.processTimers (node:internal/timers:511:9)
    at async executeOperation (E:\Ongoing\MOM3\mom-backend\node_modules\mongodb\lib\operations\execute_operation.js:101:20)
    at async FindCursor._initialize (E:\Ongoing\MOM3\mom-backend\node_modules\mongodb\lib\cursor\find_cursor.js:51:26)
    at async FindCursor.cursorInit (E:\Ongoing\MOM3\mom-backend\node_modules\mongodb\lib\cursor\abstract_cursor.js:471:27)
    at async FindCursor.fetchBatch (E:\Ongoing\MOM3\mom-backend\node_modules\mongodb\lib\cursor\abstract_cursor.js:503:13)
    at async FindCursor.next (E:\Ongoing\MOM3\mom-backend\node_modules\mongodb\lib\cursor\abstract_cursor.js:228:13)
    at async Collection.findOne (E:\Ongoing\MOM3\mom-backend\node_modules\mongodb\lib\collection.js:274:21)
    at async model.Query._findOne (E:\Ongoing\MOM3\mom-backend\node_modules\mongoose\lib\query.js:2602:15)
Date: 03/02/2025, Time: 17:47
Error: getaddrinfo ENOTFOUND ac-uhu9bdd-shard-00-00.6crwppo.mongodb.net
Stack Trace: MongoServerSelectionError: getaddrinfo ENOTFOUND ac-uhu9bdd-shard-00-00.6crwppo.mongodb.net
    at Topology.selectServer (E:\Ongoing\MOM3\mom-backend\node_modules\mongodb\lib\sdam\topology.js:303:38)
    at runNextTicks (node:internal/process/task_queues:60:5)
    at listOnTimeout (node:internal/timers:540:9)
    at process.processTimers (node:internal/timers:514:7)
    at async executeOperation (E:\Ongoing\MOM3\mom-backend\node_modules\mongodb\lib\operations\execute_operation.js:101:20)
    at async FindCursor._initialize (E:\Ongoing\MOM3\mom-backend\node_modules\mongodb\lib\cursor\find_cursor.js:51:26)
    at async FindCursor.cursorInit (E:\Ongoing\MOM3\mom-backend\node_modules\mongodb\lib\cursor\abstract_cursor.js:471:27)
    at async FindCursor.fetchBatch (E:\Ongoing\MOM3\mom-backend\node_modules\mongodb\lib\cursor\abstract_cursor.js:503:13)
    at async FindCursor.next (E:\Ongoing\MOM3\mom-backend\node_modules\mongodb\lib\cursor\abstract_cursor.js:228:13)
    at async Collection.findOne (E:\Ongoing\MOM3\mom-backend\node_modules\mongodb\lib\collection.js:274:21)
Date: 03/02/2025, Time: 17:47
Error: getaddrinfo ENOTFOUND ac-uhu9bdd-shard-00-00.6crwppo.mongodb.net
Stack Trace: MongoServerSelectionError: getaddrinfo ENOTFOUND ac-uhu9bdd-shard-00-00.6crwppo.mongodb.net
    at Topology.selectServer (E:\Ongoing\MOM3\mom-backend\node_modules\mongodb\lib\sdam\topology.js:303:38)
    at runNextTicks (node:internal/process/task_queues:60:5)
    at listOnTimeout (node:internal/timers:540:9)
    at process.processTimers (node:internal/timers:514:7)
    at async executeOperation (E:\Ongoing\MOM3\mom-backend\node_modules\mongodb\lib\operations\execute_operation.js:101:20)
    at async FindCursor._initialize (E:\Ongoing\MOM3\mom-backend\node_modules\mongodb\lib\cursor\find_cursor.js:51:26)
    at async FindCursor.cursorInit (E:\Ongoing\MOM3\mom-backend\node_modules\mongodb\lib\cursor\abstract_cursor.js:471:27)
    at async FindCursor.fetchBatch (E:\Ongoing\MOM3\mom-backend\node_modules\mongodb\lib\cursor\abstract_cursor.js:503:13)
    at async FindCursor.next (E:\Ongoing\MOM3\mom-backend\node_modules\mongodb\lib\cursor\abstract_cursor.js:228:13)
    at async Collection.findOne (E:\Ongoing\MOM3\mom-backend\node_modules\mongodb\lib\collection.js:274:21)
Date: 03/02/2025, Time: 17:47
Error: getaddrinfo ENOTFOUND ac-uhu9bdd-shard-00-00.6crwppo.mongodb.net
Stack Trace: MongoServerSelectionError: getaddrinfo ENOTFOUND ac-uhu9bdd-shard-00-00.6crwppo.mongodb.net
    at Topology.selectServer (E:\Ongoing\MOM3\mom-backend\node_modules\mongodb\lib\sdam\topology.js:303:38)
    at runNextTicks (node:internal/process/task_queues:60:5)
    at listOnTimeout (node:internal/timers:540:9)
    at process.processTimers (node:internal/timers:514:7)
    at async executeOperation (E:\Ongoing\MOM3\mom-backend\node_modules\mongodb\lib\operations\execute_operation.js:101:20)
    at async FindCursor._initialize (E:\Ongoing\MOM3\mom-backend\node_modules\mongodb\lib\cursor\find_cursor.js:51:26)
    at async FindCursor.cursorInit (E:\Ongoing\MOM3\mom-backend\node_modules\mongodb\lib\cursor\abstract_cursor.js:471:27)
    at async FindCursor.fetchBatch (E:\Ongoing\MOM3\mom-backend\node_modules\mongodb\lib\cursor\abstract_cursor.js:503:13)
    at async FindCursor.next (E:\Ongoing\MOM3\mom-backend\node_modules\mongodb\lib\cursor\abstract_cursor.js:228:13)
    at async Collection.findOne (E:\Ongoing\MOM3\mom-backend\node_modules\mongodb\lib\collection.js:274:21)
Date: 03/02/2025, Time: 17:47
Error: getaddrinfo ENOTFOUND ac-uhu9bdd-shard-00-00.6crwppo.mongodb.net
Stack Trace: MongoServerSelectionError: getaddrinfo ENOTFOUND ac-uhu9bdd-shard-00-00.6crwppo.mongodb.net
    at Topology.selectServer (E:\Ongoing\MOM3\mom-backend\node_modules\mongodb\lib\sdam\topology.js:303:38)
    at runNextTicks (node:internal/process/task_queues:60:5)
    at process.processTimers (node:internal/timers:511:9)
    at async executeOperation (E:\Ongoing\MOM3\mom-backend\node_modules\mongodb\lib\operations\execute_operation.js:101:20)
    at async FindCursor._initialize (E:\Ongoing\MOM3\mom-backend\node_modules\mongodb\lib\cursor\find_cursor.js:51:26)
    at async FindCursor.cursorInit (E:\Ongoing\MOM3\mom-backend\node_modules\mongodb\lib\cursor\abstract_cursor.js:471:27)
    at async FindCursor.fetchBatch (E:\Ongoing\MOM3\mom-backend\node_modules\mongodb\lib\cursor\abstract_cursor.js:503:13)
    at async FindCursor.next (E:\Ongoing\MOM3\mom-backend\node_modules\mongodb\lib\cursor\abstract_cursor.js:228:13)
    at async Collection.findOne (E:\Ongoing\MOM3\mom-backend\node_modules\mongodb\lib\collection.js:274:21)
    at async model.Query._findOne (E:\Ongoing\MOM3\mom-backend\node_modules\mongoose\lib\query.js:2602:15)
Date: 03/02/2025, Time: 17:48
Error: getaddrinfo ENOTFOUND ac-uhu9bdd-shard-00-00.6crwppo.mongodb.net
Stack Trace: MongoServerSelectionError: getaddrinfo ENOTFOUND ac-uhu9bdd-shard-00-00.6crwppo.mongodb.net
    at Topology.selectServer (E:\Ongoing\MOM3\mom-backend\node_modules\mongodb\lib\sdam\topology.js:303:38)
    at async executeOperation (E:\Ongoing\MOM3\mom-backend\node_modules\mongodb\lib\operations\execute_operation.js:101:20)
    at async FindCursor._initialize (E:\Ongoing\MOM3\mom-backend\node_modules\mongodb\lib\cursor\find_cursor.js:51:26)
    at async FindCursor.cursorInit (E:\Ongoing\MOM3\mom-backend\node_modules\mongodb\lib\cursor\abstract_cursor.js:471:27)
    at async FindCursor.fetchBatch (E:\Ongoing\MOM3\mom-backend\node_modules\mongodb\lib\cursor\abstract_cursor.js:503:13)
    at async FindCursor.next (E:\Ongoing\MOM3\mom-backend\node_modules\mongodb\lib\cursor\abstract_cursor.js:228:13)
    at async Collection.findOne (E:\Ongoing\MOM3\mom-backend\node_modules\mongodb\lib\collection.js:274:21)
    at async model.Query._findOne (E:\Ongoing\MOM3\mom-backend\node_modules\mongoose\lib\query.js:2602:15)
    at async model.Query.exec (E:\Ongoing\MOM3\mom-backend\node_modules\mongoose\lib\query.js:4412:63)
    at async Object.verifyEmployee (E:\Ongoing\MOM3\mom-backend\services\employeeService.js:364:10)
Date: 03/02/2025, Time: 17:48
Error: getaddrinfo ENOTFOUND ac-uhu9bdd-shard-00-00.6crwppo.mongodb.net
Stack Trace: MongoServerSelectionError: getaddrinfo ENOTFOUND ac-uhu9bdd-shard-00-00.6crwppo.mongodb.net
    at Topology.selectServer (E:\Ongoing\MOM3\mom-backend\node_modules\mongodb\lib\sdam\topology.js:303:38)
    at runNextTicks (node:internal/process/task_queues:60:5)
    at listOnTimeout (node:internal/timers:540:9)
    at process.processTimers (node:internal/timers:514:7)
    at async executeOperation (E:\Ongoing\MOM3\mom-backend\node_modules\mongodb\lib\operations\execute_operation.js:101:20)
    at async FindCursor._initialize (E:\Ongoing\MOM3\mom-backend\node_modules\mongodb\lib\cursor\find_cursor.js:51:26)
    at async FindCursor.cursorInit (E:\Ongoing\MOM3\mom-backend\node_modules\mongodb\lib\cursor\abstract_cursor.js:471:27)
    at async FindCursor.fetchBatch (E:\Ongoing\MOM3\mom-backend\node_modules\mongodb\lib\cursor\abstract_cursor.js:503:13)
    at async FindCursor.next (E:\Ongoing\MOM3\mom-backend\node_modules\mongodb\lib\cursor\abstract_cursor.js:228:13)
    at async Collection.findOne (E:\Ongoing\MOM3\mom-backend\node_modules\mongodb\lib\collection.js:274:21)
Date: 03/02/2025, Time: 17:48
Error: getaddrinfo ENOTFOUND ac-uhu9bdd-shard-00-00.6crwppo.mongodb.net
Stack Trace: MongoServerSelectionError: getaddrinfo ENOTFOUND ac-uhu9bdd-shard-00-00.6crwppo.mongodb.net
    at Topology.selectServer (E:\Ongoing\MOM3\mom-backend\node_modules\mongodb\lib\sdam\topology.js:303:38)
    at runNextTicks (node:internal/process/task_queues:60:5)
    at listOnTimeout (node:internal/timers:540:9)
    at process.processTimers (node:internal/timers:514:7)
    at async executeOperation (E:\Ongoing\MOM3\mom-backend\node_modules\mongodb\lib\operations\execute_operation.js:101:20)
    at async FindCursor._initialize (E:\Ongoing\MOM3\mom-backend\node_modules\mongodb\lib\cursor\find_cursor.js:51:26)
    at async FindCursor.cursorInit (E:\Ongoing\MOM3\mom-backend\node_modules\mongodb\lib\cursor\abstract_cursor.js:471:27)
    at async FindCursor.fetchBatch (E:\Ongoing\MOM3\mom-backend\node_modules\mongodb\lib\cursor\abstract_cursor.js:503:13)
    at async FindCursor.next (E:\Ongoing\MOM3\mom-backend\node_modules\mongodb\lib\cursor\abstract_cursor.js:228:13)
    at async Collection.findOne (E:\Ongoing\MOM3\mom-backend\node_modules\mongodb\lib\collection.js:274:21)
Date: 03/02/2025, Time: 17:48
Error: getaddrinfo ENOTFOUND ac-uhu9bdd-shard-00-00.6crwppo.mongodb.net
Stack Trace: MongoServerSelectionError: getaddrinfo ENOTFOUND ac-uhu9bdd-shard-00-00.6crwppo.mongodb.net
    at Topology.selectServer (E:\Ongoing\MOM3\mom-backend\node_modules\mongodb\lib\sdam\topology.js:303:38)
    at runNextTicks (node:internal/process/task_queues:60:5)
    at process.processTimers (node:internal/timers:511:9)
    at async executeOperation (E:\Ongoing\MOM3\mom-backend\node_modules\mongodb\lib\operations\execute_operation.js:101:20)
    at async FindCursor._initialize (E:\Ongoing\MOM3\mom-backend\node_modules\mongodb\lib\cursor\find_cursor.js:51:26)
    at async FindCursor.cursorInit (E:\Ongoing\MOM3\mom-backend\node_modules\mongodb\lib\cursor\abstract_cursor.js:471:27)
    at async FindCursor.fetchBatch (E:\Ongoing\MOM3\mom-backend\node_modules\mongodb\lib\cursor\abstract_cursor.js:503:13)
    at async FindCursor.next (E:\Ongoing\MOM3\mom-backend\node_modules\mongodb\lib\cursor\abstract_cursor.js:228:13)
    at async Collection.findOne (E:\Ongoing\MOM3\mom-backend\node_modules\mongodb\lib\collection.js:274:21)
    at async model.Query._findOne (E:\Ongoing\MOM3\mom-backend\node_modules\mongoose\lib\query.js:2602:15)
Date: 03/02/2025, Time: 18:42
Error: "lastActionActivityId" is required
Stack Trace: ValidationError: "lastActionActivityId" is required
Date: 03/02/2025, Time: 18:43
Error: "lastActionActivityId" is required
Stack Trace: ValidationError: "lastActionActivityId" is required
Date: 03/02/2025, Time: 18:55
Error: read ECONNRESET
Stack Trace: Error: read ECONNRESET
    at TLSWrap.onStreamRead (node:internal/stream_base_commons:218:20)
Date: 03/02/2025, Time: 18:56
Error: read ECONNRESET
Stack Trace: Error: read ECONNRESET
    at TLSWrap.onStreamRead (node:internal/stream_base_commons:218:20)
Date: 03/02/2025, Time: 18:56
Error: read ECONNRESET
Stack Trace: Error: read ECONNRESET
    at TLSWrap.onStreamRead (node:internal/stream_base_commons:218:20)
Date: 04/02/2025, Time: 11:54
Error: getaddrinfo ENOTFOUND ac-uhu9bdd-shard-00-01.6crwppo.mongodb.net
Stack Trace: MongoServerSelectionError: getaddrinfo ENOTFOUND ac-uhu9bdd-shard-00-01.6crwppo.mongodb.net
    at Topology.selectServer (E:\Ongoing\MOM3\mom-backend\node_modules\mongodb\lib\sdam\topology.js:303:38)
    at async executeOperation (E:\Ongoing\MOM3\mom-backend\node_modules\mongodb\lib\operations\execute_operation.js:101:20)
    at async FindCursor._initialize (E:\Ongoing\MOM3\mom-backend\node_modules\mongodb\lib\cursor\find_cursor.js:51:26)
    at async FindCursor.cursorInit (E:\Ongoing\MOM3\mom-backend\node_modules\mongodb\lib\cursor\abstract_cursor.js:471:27)
    at async FindCursor.fetchBatch (E:\Ongoing\MOM3\mom-backend\node_modules\mongodb\lib\cursor\abstract_cursor.js:503:13)
    at async FindCursor.next (E:\Ongoing\MOM3\mom-backend\node_modules\mongodb\lib\cursor\abstract_cursor.js:228:13)
    at async Collection.findOne (E:\Ongoing\MOM3\mom-backend\node_modules\mongodb\lib\collection.js:274:21)
    at async model.Query._findOne (E:\Ongoing\MOM3\mom-backend\node_modules\mongoose\lib\query.js:2602:15)
    at async model.Query.exec (E:\Ongoing\MOM3\mom-backend\node_modules\mongoose\lib\query.js:4412:63)
    at async Object.verifyEmployee (E:\Ongoing\MOM3\mom-backend\services\employeeService.js:364:10)
Date: 04/02/2025, Time: 11:54
Error: getaddrinfo ENOTFOUND ac-uhu9bdd-shard-00-01.6crwppo.mongodb.net
Stack Trace: MongoServerSelectionError: getaddrinfo ENOTFOUND ac-uhu9bdd-shard-00-01.6crwppo.mongodb.net
    at Topology.selectServer (E:\Ongoing\MOM3\mom-backend\node_modules\mongodb\lib\sdam\topology.js:303:38)
    at async executeOperation (E:\Ongoing\MOM3\mom-backend\node_modules\mongodb\lib\operations\execute_operation.js:101:20)
    at async FindCursor._initialize (E:\Ongoing\MOM3\mom-backend\node_modules\mongodb\lib\cursor\find_cursor.js:51:26)
    at async FindCursor.cursorInit (E:\Ongoing\MOM3\mom-backend\node_modules\mongodb\lib\cursor\abstract_cursor.js:471:27)
    at async FindCursor.fetchBatch (E:\Ongoing\MOM3\mom-backend\node_modules\mongodb\lib\cursor\abstract_cursor.js:503:13)
    at async FindCursor.next (E:\Ongoing\MOM3\mom-backend\node_modules\mongodb\lib\cursor\abstract_cursor.js:228:13)
    at async Collection.findOne (E:\Ongoing\MOM3\mom-backend\node_modules\mongodb\lib\collection.js:274:21)
    at async model.Query._findOne (E:\Ongoing\MOM3\mom-backend\node_modules\mongoose\lib\query.js:2602:15)
    at async model.Query.exec (E:\Ongoing\MOM3\mom-backend\node_modules\mongoose\lib\query.js:4412:63)
    at async Object.verifyEmployee (E:\Ongoing\MOM3\mom-backend\services\employeeService.js:364:10)
Date: 04/02/2025, Time: 11:55
Error: getaddrinfo ENOTFOUND ac-uhu9bdd-shard-00-01.6crwppo.mongodb.net
Stack Trace: MongoServerSelectionError: getaddrinfo ENOTFOUND ac-uhu9bdd-shard-00-01.6crwppo.mongodb.net
    at Topology.selectServer (E:\Ongoing\MOM3\mom-backend\node_modules\mongodb\lib\sdam\topology.js:303:38)
    at async executeOperation (E:\Ongoing\MOM3\mom-backend\node_modules\mongodb\lib\operations\execute_operation.js:101:20)
    at async FindCursor._initialize (E:\Ongoing\MOM3\mom-backend\node_modules\mongodb\lib\cursor\find_cursor.js:51:26)
    at async FindCursor.cursorInit (E:\Ongoing\MOM3\mom-backend\node_modules\mongodb\lib\cursor\abstract_cursor.js:471:27)
    at async FindCursor.fetchBatch (E:\Ongoing\MOM3\mom-backend\node_modules\mongodb\lib\cursor\abstract_cursor.js:503:13)
    at async FindCursor.next (E:\Ongoing\MOM3\mom-backend\node_modules\mongodb\lib\cursor\abstract_cursor.js:228:13)
    at async Collection.findOne (E:\Ongoing\MOM3\mom-backend\node_modules\mongodb\lib\collection.js:274:21)
    at async model.Query._findOne (E:\Ongoing\MOM3\mom-backend\node_modules\mongoose\lib\query.js:2602:15)
    at async model.Query.exec (E:\Ongoing\MOM3\mom-backend\node_modules\mongoose\lib\query.js:4412:63)
    at async Object.verifyEmployee (E:\Ongoing\MOM3\mom-backend\services\employeeService.js:364:10)
Date: 04/02/2025, Time: 11:57
Error: getaddrinfo ENOTFOUND ac-uhu9bdd-shard-00-01.6crwppo.mongodb.net
Stack Trace: MongoServerSelectionError: getaddrinfo ENOTFOUND ac-uhu9bdd-shard-00-01.6crwppo.mongodb.net
    at Topology.selectServer (E:\Ongoing\MOM3\mom-backend\node_modules\mongodb\lib\sdam\topology.js:303:38)
    at async executeOperation (E:\Ongoing\MOM3\mom-backend\node_modules\mongodb\lib\operations\execute_operation.js:101:20)
    at async FindCursor._initialize (E:\Ongoing\MOM3\mom-backend\node_modules\mongodb\lib\cursor\find_cursor.js:51:26)
    at async FindCursor.cursorInit (E:\Ongoing\MOM3\mom-backend\node_modules\mongodb\lib\cursor\abstract_cursor.js:471:27)
    at async FindCursor.fetchBatch (E:\Ongoing\MOM3\mom-backend\node_modules\mongodb\lib\cursor\abstract_cursor.js:503:13)
    at async FindCursor.next (E:\Ongoing\MOM3\mom-backend\node_modules\mongodb\lib\cursor\abstract_cursor.js:228:13)
    at async Collection.findOne (E:\Ongoing\MOM3\mom-backend\node_modules\mongodb\lib\collection.js:274:21)
    at async model.Query._findOne (E:\Ongoing\MOM3\mom-backend\node_modules\mongoose\lib\query.js:2602:15)
    at async model.Query.exec (E:\Ongoing\MOM3\mom-backend\node_modules\mongoose\lib\query.js:4412:63)
    at async Object.verifyEmployee (E:\Ongoing\MOM3\mom-backend\services\employeeService.js:364:10)
Date: 04/02/2025, Time: 11:57
Error: getaddrinfo ENOTFOUND ac-uhu9bdd-shard-00-01.6crwppo.mongodb.net
Stack Trace: MongoServerSelectionError: getaddrinfo ENOTFOUND ac-uhu9bdd-shard-00-01.6crwppo.mongodb.net
    at Topology.selectServer (E:\Ongoing\MOM3\mom-backend\node_modules\mongodb\lib\sdam\topology.js:303:38)
    at async executeOperation (E:\Ongoing\MOM3\mom-backend\node_modules\mongodb\lib\operations\execute_operation.js:101:20)
    at async FindCursor._initialize (E:\Ongoing\MOM3\mom-backend\node_modules\mongodb\lib\cursor\find_cursor.js:51:26)
    at async FindCursor.cursorInit (E:\Ongoing\MOM3\mom-backend\node_modules\mongodb\lib\cursor\abstract_cursor.js:471:27)
    at async FindCursor.fetchBatch (E:\Ongoing\MOM3\mom-backend\node_modules\mongodb\lib\cursor\abstract_cursor.js:503:13)
    at async FindCursor.next (E:\Ongoing\MOM3\mom-backend\node_modules\mongodb\lib\cursor\abstract_cursor.js:228:13)
    at async Collection.findOne (E:\Ongoing\MOM3\mom-backend\node_modules\mongodb\lib\collection.js:274:21)
    at async model.Query._findOne (E:\Ongoing\MOM3\mom-backend\node_modules\mongoose\lib\query.js:2602:15)
    at async model.Query.exec (E:\Ongoing\MOM3\mom-backend\node_modules\mongoose\lib\query.js:4412:63)
    at async Object.verifyEmployee (E:\Ongoing\MOM3\mom-backend\services\employeeService.js:364:10)
Date: 04/02/2025, Time: 11:57
Error: getaddrinfo ENOTFOUND ac-uhu9bdd-shard-00-01.6crwppo.mongodb.net
Stack Trace: MongoServerSelectionError: getaddrinfo ENOTFOUND ac-uhu9bdd-shard-00-01.6crwppo.mongodb.net
    at Topology.selectServer (E:\Ongoing\MOM3\mom-backend\node_modules\mongodb\lib\sdam\topology.js:303:38)
    at runNextTicks (node:internal/process/task_queues:60:5)
    at listOnTimeout (node:internal/timers:540:9)
    at process.processTimers (node:internal/timers:514:7)
    at async executeOperation (E:\Ongoing\MOM3\mom-backend\node_modules\mongodb\lib\operations\execute_operation.js:101:20)
    at async FindCursor._initialize (E:\Ongoing\MOM3\mom-backend\node_modules\mongodb\lib\cursor\find_cursor.js:51:26)
    at async FindCursor.cursorInit (E:\Ongoing\MOM3\mom-backend\node_modules\mongodb\lib\cursor\abstract_cursor.js:471:27)
    at async FindCursor.fetchBatch (E:\Ongoing\MOM3\mom-backend\node_modules\mongodb\lib\cursor\abstract_cursor.js:503:13)
    at async FindCursor.next (E:\Ongoing\MOM3\mom-backend\node_modules\mongodb\lib\cursor\abstract_cursor.js:228:13)
    at async Collection.findOne (E:\Ongoing\MOM3\mom-backend\node_modules\mongodb\lib\collection.js:274:21)
Date: 04/02/2025, Time: 11:57
Error: getaddrinfo ENOTFOUND ac-uhu9bdd-shard-00-01.6crwppo.mongodb.net
Stack Trace: MongoServerSelectionError: getaddrinfo ENOTFOUND ac-uhu9bdd-shard-00-01.6crwppo.mongodb.net
    at Topology.selectServer (E:\Ongoing\MOM3\mom-backend\node_modules\mongodb\lib\sdam\topology.js:303:38)
    at async executeOperation (E:\Ongoing\MOM3\mom-backend\node_modules\mongodb\lib\operations\execute_operation.js:101:20)
    at async FindCursor._initialize (E:\Ongoing\MOM3\mom-backend\node_modules\mongodb\lib\cursor\find_cursor.js:51:26)
    at async FindCursor.cursorInit (E:\Ongoing\MOM3\mom-backend\node_modules\mongodb\lib\cursor\abstract_cursor.js:471:27)
    at async FindCursor.fetchBatch (E:\Ongoing\MOM3\mom-backend\node_modules\mongodb\lib\cursor\abstract_cursor.js:503:13)
    at async FindCursor.next (E:\Ongoing\MOM3\mom-backend\node_modules\mongodb\lib\cursor\abstract_cursor.js:228:13)
    at async Collection.findOne (E:\Ongoing\MOM3\mom-backend\node_modules\mongodb\lib\collection.js:274:21)
    at async model.Query._findOne (E:\Ongoing\MOM3\mom-backend\node_modules\mongoose\lib\query.js:2602:15)
    at async model.Query.exec (E:\Ongoing\MOM3\mom-backend\node_modules\mongoose\lib\query.js:4412:63)
    at async Object.verifyEmployee (E:\Ongoing\MOM3\mom-backend\services\employeeService.js:364:10)
Date: 04/02/2025, Time: 11:57
Error: getaddrinfo ENOTFOUND ac-uhu9bdd-shard-00-01.6crwppo.mongodb.net
Stack Trace: MongoServerSelectionError: getaddrinfo ENOTFOUND ac-uhu9bdd-shard-00-01.6crwppo.mongodb.net
    at Topology.selectServer (E:\Ongoing\MOM3\mom-backend\node_modules\mongodb\lib\sdam\topology.js:303:38)
    at runNextTicks (node:internal/process/task_queues:60:5)
    at listOnTimeout (node:internal/timers:540:9)
    at process.processTimers (node:internal/timers:514:7)
    at async executeOperation (E:\Ongoing\MOM3\mom-backend\node_modules\mongodb\lib\operations\execute_operation.js:101:20)
    at async FindCursor._initialize (E:\Ongoing\MOM3\mom-backend\node_modules\mongodb\lib\cursor\find_cursor.js:51:26)
    at async FindCursor.cursorInit (E:\Ongoing\MOM3\mom-backend\node_modules\mongodb\lib\cursor\abstract_cursor.js:471:27)
    at async FindCursor.fetchBatch (E:\Ongoing\MOM3\mom-backend\node_modules\mongodb\lib\cursor\abstract_cursor.js:503:13)
    at async FindCursor.next (E:\Ongoing\MOM3\mom-backend\node_modules\mongodb\lib\cursor\abstract_cursor.js:228:13)
    at async Collection.findOne (E:\Ongoing\MOM3\mom-backend\node_modules\mongodb\lib\collection.js:274:21)
Date: 04/02/2025, Time: 11:57
Error: getaddrinfo ENOTFOUND ac-uhu9bdd-shard-00-01.6crwppo.mongodb.net
Stack Trace: MongoServerSelectionError: getaddrinfo ENOTFOUND ac-uhu9bdd-shard-00-01.6crwppo.mongodb.net
    at Topology.selectServer (E:\Ongoing\MOM3\mom-backend\node_modules\mongodb\lib\sdam\topology.js:303:38)
    at async executeOperation (E:\Ongoing\MOM3\mom-backend\node_modules\mongodb\lib\operations\execute_operation.js:101:20)
    at async FindCursor._initialize (E:\Ongoing\MOM3\mom-backend\node_modules\mongodb\lib\cursor\find_cursor.js:51:26)
    at async FindCursor.cursorInit (E:\Ongoing\MOM3\mom-backend\node_modules\mongodb\lib\cursor\abstract_cursor.js:471:27)
    at async FindCursor.fetchBatch (E:\Ongoing\MOM3\mom-backend\node_modules\mongodb\lib\cursor\abstract_cursor.js:503:13)
    at async FindCursor.next (E:\Ongoing\MOM3\mom-backend\node_modules\mongodb\lib\cursor\abstract_cursor.js:228:13)
    at async Collection.findOne (E:\Ongoing\MOM3\mom-backend\node_modules\mongodb\lib\collection.js:274:21)
    at async model.Query._findOne (E:\Ongoing\MOM3\mom-backend\node_modules\mongoose\lib\query.js:2602:15)
    at async model.Query.exec (E:\Ongoing\MOM3\mom-backend\node_modules\mongoose\lib\query.js:4412:63)
    at async Object.verifyEmployee (E:\Ongoing\MOM3\mom-backend\services\employeeService.js:364:10)
Date: 04/02/2025, Time: 11:57
Error: getaddrinfo ENOTFOUND ac-uhu9bdd-shard-00-01.6crwppo.mongodb.net
Stack Trace: MongoServerSelectionError: getaddrinfo ENOTFOUND ac-uhu9bdd-shard-00-01.6crwppo.mongodb.net
    at Topology.selectServer (E:\Ongoing\MOM3\mom-backend\node_modules\mongodb\lib\sdam\topology.js:303:38)
    at runNextTicks (node:internal/process/task_queues:60:5)
    at listOnTimeout (node:internal/timers:540:9)
    at process.processTimers (node:internal/timers:514:7)
    at async executeOperation (E:\Ongoing\MOM3\mom-backend\node_modules\mongodb\lib\operations\execute_operation.js:101:20)
    at async FindCursor._initialize (E:\Ongoing\MOM3\mom-backend\node_modules\mongodb\lib\cursor\find_cursor.js:51:26)
    at async FindCursor.cursorInit (E:\Ongoing\MOM3\mom-backend\node_modules\mongodb\lib\cursor\abstract_cursor.js:471:27)
    at async FindCursor.fetchBatch (E:\Ongoing\MOM3\mom-backend\node_modules\mongodb\lib\cursor\abstract_cursor.js:503:13)
    at async FindCursor.next (E:\Ongoing\MOM3\mom-backend\node_modules\mongodb\lib\cursor\abstract_cursor.js:228:13)
    at async Collection.findOne (E:\Ongoing\MOM3\mom-backend\node_modules\mongodb\lib\collection.js:274:21)
Date: 04/02/2025, Time: 11:57
Error: getaddrinfo ENOTFOUND ac-uhu9bdd-shard-00-01.6crwppo.mongodb.net
Stack Trace: MongoServerSelectionError: getaddrinfo ENOTFOUND ac-uhu9bdd-shard-00-01.6crwppo.mongodb.net
    at Topology.selectServer (E:\Ongoing\MOM3\mom-backend\node_modules\mongodb\lib\sdam\topology.js:303:38)
    at async executeOperation (E:\Ongoing\MOM3\mom-backend\node_modules\mongodb\lib\operations\execute_operation.js:101:20)
    at async FindCursor._initialize (E:\Ongoing\MOM3\mom-backend\node_modules\mongodb\lib\cursor\find_cursor.js:51:26)
    at async FindCursor.cursorInit (E:\Ongoing\MOM3\mom-backend\node_modules\mongodb\lib\cursor\abstract_cursor.js:471:27)
    at async FindCursor.fetchBatch (E:\Ongoing\MOM3\mom-backend\node_modules\mongodb\lib\cursor\abstract_cursor.js:503:13)
    at async FindCursor.next (E:\Ongoing\MOM3\mom-backend\node_modules\mongodb\lib\cursor\abstract_cursor.js:228:13)
    at async Collection.findOne (E:\Ongoing\MOM3\mom-backend\node_modules\mongodb\lib\collection.js:274:21)
    at async model.Query._findOne (E:\Ongoing\MOM3\mom-backend\node_modules\mongoose\lib\query.js:2602:15)
    at async model.Query.exec (E:\Ongoing\MOM3\mom-backend\node_modules\mongoose\lib\query.js:4412:63)
    at async Object.verifyEmployee (E:\Ongoing\MOM3\mom-backend\services\employeeService.js:364:10)
Date: 04/02/2025, Time: 11:57
Error: getaddrinfo ENOTFOUND ac-uhu9bdd-shard-00-01.6crwppo.mongodb.net
Stack Trace: MongoServerSelectionError: getaddrinfo ENOTFOUND ac-uhu9bdd-shard-00-01.6crwppo.mongodb.net
    at Topology.selectServer (E:\Ongoing\MOM3\mom-backend\node_modules\mongodb\lib\sdam\topology.js:303:38)
    at runNextTicks (node:internal/process/task_queues:60:5)
    at listOnTimeout (node:internal/timers:540:9)
    at process.processTimers (node:internal/timers:514:7)
    at async executeOperation (E:\Ongoing\MOM3\mom-backend\node_modules\mongodb\lib\operations\execute_operation.js:101:20)
    at async FindCursor._initialize (E:\Ongoing\MOM3\mom-backend\node_modules\mongodb\lib\cursor\find_cursor.js:51:26)
    at async FindCursor.cursorInit (E:\Ongoing\MOM3\mom-backend\node_modules\mongodb\lib\cursor\abstract_cursor.js:471:27)
    at async FindCursor.fetchBatch (E:\Ongoing\MOM3\mom-backend\node_modules\mongodb\lib\cursor\abstract_cursor.js:503:13)
    at async FindCursor.next (E:\Ongoing\MOM3\mom-backend\node_modules\mongodb\lib\cursor\abstract_cursor.js:228:13)
    at async Collection.findOne (E:\Ongoing\MOM3\mom-backend\node_modules\mongodb\lib\collection.js:274:21)
Date: 04/02/2025, Time: 11:57
Error: getaddrinfo ENOTFOUND ac-uhu9bdd-shard-00-01.6crwppo.mongodb.net
Stack Trace: MongoServerSelectionError: getaddrinfo ENOTFOUND ac-uhu9bdd-shard-00-01.6crwppo.mongodb.net
    at Topology.selectServer (E:\Ongoing\MOM3\mom-backend\node_modules\mongodb\lib\sdam\topology.js:303:38)
    at async executeOperation (E:\Ongoing\MOM3\mom-backend\node_modules\mongodb\lib\operations\execute_operation.js:101:20)
    at async FindCursor._initialize (E:\Ongoing\MOM3\mom-backend\node_modules\mongodb\lib\cursor\find_cursor.js:51:26)
    at async FindCursor.cursorInit (E:\Ongoing\MOM3\mom-backend\node_modules\mongodb\lib\cursor\abstract_cursor.js:471:27)
    at async FindCursor.fetchBatch (E:\Ongoing\MOM3\mom-backend\node_modules\mongodb\lib\cursor\abstract_cursor.js:503:13)
    at async FindCursor.next (E:\Ongoing\MOM3\mom-backend\node_modules\mongodb\lib\cursor\abstract_cursor.js:228:13)
    at async Collection.findOne (E:\Ongoing\MOM3\mom-backend\node_modules\mongodb\lib\collection.js:274:21)
    at async model.Query._findOne (E:\Ongoing\MOM3\mom-backend\node_modules\mongoose\lib\query.js:2602:15)
    at async model.Query.exec (E:\Ongoing\MOM3\mom-backend\node_modules\mongoose\lib\query.js:4412:63)
    at async Object.verifyEmployee (E:\Ongoing\MOM3\mom-backend\services\employeeService.js:364:10)
Date: 04/02/2025, Time: 11:57
Error: getaddrinfo ENOTFOUND ac-uhu9bdd-shard-00-01.6crwppo.mongodb.net
Stack Trace: MongoServerSelectionError: getaddrinfo ENOTFOUND ac-uhu9bdd-shard-00-01.6crwppo.mongodb.net
    at Topology.selectServer (E:\Ongoing\MOM3\mom-backend\node_modules\mongodb\lib\sdam\topology.js:303:38)
    at runNextTicks (node:internal/process/task_queues:60:5)
    at process.processTimers (node:internal/timers:511:9)
    at async executeOperation (E:\Ongoing\MOM3\mom-backend\node_modules\mongodb\lib\operations\execute_operation.js:101:20)
    at async FindCursor._initialize (E:\Ongoing\MOM3\mom-backend\node_modules\mongodb\lib\cursor\find_cursor.js:51:26)
    at async FindCursor.cursorInit (E:\Ongoing\MOM3\mom-backend\node_modules\mongodb\lib\cursor\abstract_cursor.js:471:27)
    at async FindCursor.fetchBatch (E:\Ongoing\MOM3\mom-backend\node_modules\mongodb\lib\cursor\abstract_cursor.js:503:13)
    at async FindCursor.next (E:\Ongoing\MOM3\mom-backend\node_modules\mongodb\lib\cursor\abstract_cursor.js:228:13)
    at async Collection.findOne (E:\Ongoing\MOM3\mom-backend\node_modules\mongodb\lib\collection.js:274:21)
    at async model.Query._findOne (E:\Ongoing\MOM3\mom-backend\node_modules\mongoose\lib\query.js:2602:15)
Date: 04/02/2025, Time: 11:57
Error: getaddrinfo ENOTFOUND ac-uhu9bdd-shard-00-01.6crwppo.mongodb.net
Stack Trace: MongoServerSelectionError: getaddrinfo ENOTFOUND ac-uhu9bdd-shard-00-01.6crwppo.mongodb.net
    at Topology.selectServer (E:\Ongoing\MOM3\mom-backend\node_modules\mongodb\lib\sdam\topology.js:303:38)
    at runNextTicks (node:internal/process/task_queues:60:5)
    at listOnTimeout (node:internal/timers:540:9)
    at process.processTimers (node:internal/timers:514:7)
    at async executeOperation (E:\Ongoing\MOM3\mom-backend\node_modules\mongodb\lib\operations\execute_operation.js:101:20)
    at async FindCursor._initialize (E:\Ongoing\MOM3\mom-backend\node_modules\mongodb\lib\cursor\find_cursor.js:51:26)
    at async FindCursor.cursorInit (E:\Ongoing\MOM3\mom-backend\node_modules\mongodb\lib\cursor\abstract_cursor.js:471:27)
    at async FindCursor.fetchBatch (E:\Ongoing\MOM3\mom-backend\node_modules\mongodb\lib\cursor\abstract_cursor.js:503:13)
    at async FindCursor.next (E:\Ongoing\MOM3\mom-backend\node_modules\mongodb\lib\cursor\abstract_cursor.js:228:13)
    at async Collection.findOne (E:\Ongoing\MOM3\mom-backend\node_modules\mongodb\lib\collection.js:274:21)
Date: 04/02/2025, Time: 11:57
Error: getaddrinfo ENOTFOUND ac-uhu9bdd-shard-00-01.6crwppo.mongodb.net
Stack Trace: MongoServerSelectionError: getaddrinfo ENOTFOUND ac-uhu9bdd-shard-00-01.6crwppo.mongodb.net
    at Topology.selectServer (E:\Ongoing\MOM3\mom-backend\node_modules\mongodb\lib\sdam\topology.js:303:38)
    at async executeOperation (E:\Ongoing\MOM3\mom-backend\node_modules\mongodb\lib\operations\execute_operation.js:101:20)
    at async FindCursor._initialize (E:\Ongoing\MOM3\mom-backend\node_modules\mongodb\lib\cursor\find_cursor.js:51:26)
    at async FindCursor.cursorInit (E:\Ongoing\MOM3\mom-backend\node_modules\mongodb\lib\cursor\abstract_cursor.js:471:27)
    at async FindCursor.fetchBatch (E:\Ongoing\MOM3\mom-backend\node_modules\mongodb\lib\cursor\abstract_cursor.js:503:13)
    at async FindCursor.next (E:\Ongoing\MOM3\mom-backend\node_modules\mongodb\lib\cursor\abstract_cursor.js:228:13)
    at async Collection.findOne (E:\Ongoing\MOM3\mom-backend\node_modules\mongodb\lib\collection.js:274:21)
    at async model.Query._findOne (E:\Ongoing\MOM3\mom-backend\node_modules\mongoose\lib\query.js:2602:15)
    at async model.Query.exec (E:\Ongoing\MOM3\mom-backend\node_modules\mongoose\lib\query.js:4412:63)
    at async Object.verifyEmployee (E:\Ongoing\MOM3\mom-backend\services\employeeService.js:364:10)
Date: 04/02/2025, Time: 11:57
Error: getaddrinfo ENOTFOUND ac-uhu9bdd-shard-00-01.6crwppo.mongodb.net
Stack Trace: MongoServerSelectionError: getaddrinfo ENOTFOUND ac-uhu9bdd-shard-00-01.6crwppo.mongodb.net
    at Topology.selectServer (E:\Ongoing\MOM3\mom-backend\node_modules\mongodb\lib\sdam\topology.js:303:38)
    at runNextTicks (node:internal/process/task_queues:60:5)
    at listOnTimeout (node:internal/timers:540:9)
    at process.processTimers (node:internal/timers:514:7)
    at async executeOperation (E:\Ongoing\MOM3\mom-backend\node_modules\mongodb\lib\operations\execute_operation.js:101:20)
    at async FindCursor._initialize (E:\Ongoing\MOM3\mom-backend\node_modules\mongodb\lib\cursor\find_cursor.js:51:26)
    at async FindCursor.cursorInit (E:\Ongoing\MOM3\mom-backend\node_modules\mongodb\lib\cursor\abstract_cursor.js:471:27)
    at async FindCursor.fetchBatch (E:\Ongoing\MOM3\mom-backend\node_modules\mongodb\lib\cursor\abstract_cursor.js:503:13)
    at async FindCursor.next (E:\Ongoing\MOM3\mom-backend\node_modules\mongodb\lib\cursor\abstract_cursor.js:228:13)
    at async Collection.findOne (E:\Ongoing\MOM3\mom-backend\node_modules\mongodb\lib\collection.js:274:21)
Date: 04/02/2025, Time: 11:57
Error: getaddrinfo ENOTFOUND ac-uhu9bdd-shard-00-01.6crwppo.mongodb.net
Stack Trace: MongoServerSelectionError: getaddrinfo ENOTFOUND ac-uhu9bdd-shard-00-01.6crwppo.mongodb.net
    at Topology.selectServer (E:\Ongoing\MOM3\mom-backend\node_modules\mongodb\lib\sdam\topology.js:303:38)
    at async executeOperation (E:\Ongoing\MOM3\mom-backend\node_modules\mongodb\lib\operations\execute_operation.js:101:20)
    at async FindCursor._initialize (E:\Ongoing\MOM3\mom-backend\node_modules\mongodb\lib\cursor\find_cursor.js:51:26)
    at async FindCursor.cursorInit (E:\Ongoing\MOM3\mom-backend\node_modules\mongodb\lib\cursor\abstract_cursor.js:471:27)
    at async FindCursor.fetchBatch (E:\Ongoing\MOM3\mom-backend\node_modules\mongodb\lib\cursor\abstract_cursor.js:503:13)
    at async FindCursor.next (E:\Ongoing\MOM3\mom-backend\node_modules\mongodb\lib\cursor\abstract_cursor.js:228:13)
    at async Collection.findOne (E:\Ongoing\MOM3\mom-backend\node_modules\mongodb\lib\collection.js:274:21)
    at async model.Query._findOne (E:\Ongoing\MOM3\mom-backend\node_modules\mongoose\lib\query.js:2602:15)
    at async model.Query.exec (E:\Ongoing\MOM3\mom-backend\node_modules\mongoose\lib\query.js:4412:63)
    at async Object.verifyEmployee (E:\Ongoing\MOM3\mom-backend\services\employeeService.js:364:10)
Date: 04/02/2025, Time: 11:57
Error: getaddrinfo ENOTFOUND ac-uhu9bdd-shard-00-01.6crwppo.mongodb.net
Stack Trace: MongoServerSelectionError: getaddrinfo ENOTFOUND ac-uhu9bdd-shard-00-01.6crwppo.mongodb.net
    at Topology.selectServer (E:\Ongoing\MOM3\mom-backend\node_modules\mongodb\lib\sdam\topology.js:303:38)
    at async executeOperation (E:\Ongoing\MOM3\mom-backend\node_modules\mongodb\lib\operations\execute_operation.js:101:20)
    at async FindCursor._initialize (E:\Ongoing\MOM3\mom-backend\node_modules\mongodb\lib\cursor\find_cursor.js:51:26)
    at async FindCursor.cursorInit (E:\Ongoing\MOM3\mom-backend\node_modules\mongodb\lib\cursor\abstract_cursor.js:471:27)
    at async FindCursor.fetchBatch (E:\Ongoing\MOM3\mom-backend\node_modules\mongodb\lib\cursor\abstract_cursor.js:503:13)
    at async FindCursor.next (E:\Ongoing\MOM3\mom-backend\node_modules\mongodb\lib\cursor\abstract_cursor.js:228:13)
    at async Collection.findOne (E:\Ongoing\MOM3\mom-backend\node_modules\mongodb\lib\collection.js:274:21)
    at async model.Query._findOne (E:\Ongoing\MOM3\mom-backend\node_modules\mongoose\lib\query.js:2602:15)
    at async model.Query.exec (E:\Ongoing\MOM3\mom-backend\node_modules\mongoose\lib\query.js:4412:63)
    at async Object.verifyEmployee (E:\Ongoing\MOM3\mom-backend\services\employeeService.js:364:10)
Date: 04/02/2025, Time: 11:58
Error: getaddrinfo ENOTFOUND ac-uhu9bdd-shard-00-01.6crwppo.mongodb.net
Stack Trace: MongoServerSelectionError: getaddrinfo ENOTFOUND ac-uhu9bdd-shard-00-01.6crwppo.mongodb.net
    at Topology.selectServer (E:\Ongoing\MOM3\mom-backend\node_modules\mongodb\lib\sdam\topology.js:303:38)
    at async executeOperation (E:\Ongoing\MOM3\mom-backend\node_modules\mongodb\lib\operations\execute_operation.js:101:20)
    at async FindCursor._initialize (E:\Ongoing\MOM3\mom-backend\node_modules\mongodb\lib\cursor\find_cursor.js:51:26)
    at async FindCursor.cursorInit (E:\Ongoing\MOM3\mom-backend\node_modules\mongodb\lib\cursor\abstract_cursor.js:471:27)
    at async FindCursor.fetchBatch (E:\Ongoing\MOM3\mom-backend\node_modules\mongodb\lib\cursor\abstract_cursor.js:503:13)
    at async FindCursor.next (E:\Ongoing\MOM3\mom-backend\node_modules\mongodb\lib\cursor\abstract_cursor.js:228:13)
    at async Collection.findOne (E:\Ongoing\MOM3\mom-backend\node_modules\mongodb\lib\collection.js:274:21)
    at async model.Query._findOne (E:\Ongoing\MOM3\mom-backend\node_modules\mongoose\lib\query.js:2602:15)
    at async model.Query.exec (E:\Ongoing\MOM3\mom-backend\node_modules\mongoose\lib\query.js:4412:63)
    at async Object.verifyEmployee (E:\Ongoing\MOM3\mom-backend\services\employeeService.js:364:10)
Date: 04/02/2025, Time: 11:58
Error: getaddrinfo ENOTFOUND ac-uhu9bdd-shard-00-01.6crwppo.mongodb.net
Stack Trace: MongoServerSelectionError: getaddrinfo ENOTFOUND ac-uhu9bdd-shard-00-01.6crwppo.mongodb.net
    at Topology.selectServer (E:\Ongoing\MOM3\mom-backend\node_modules\mongodb\lib\sdam\topology.js:303:38)
    at async executeOperation (E:\Ongoing\MOM3\mom-backend\node_modules\mongodb\lib\operations\execute_operation.js:101:20)
    at async FindCursor._initialize (E:\Ongoing\MOM3\mom-backend\node_modules\mongodb\lib\cursor\find_cursor.js:51:26)
    at async FindCursor.cursorInit (E:\Ongoing\MOM3\mom-backend\node_modules\mongodb\lib\cursor\abstract_cursor.js:471:27)
    at async FindCursor.fetchBatch (E:\Ongoing\MOM3\mom-backend\node_modules\mongodb\lib\cursor\abstract_cursor.js:503:13)
    at async FindCursor.next (E:\Ongoing\MOM3\mom-backend\node_modules\mongodb\lib\cursor\abstract_cursor.js:228:13)
    at async Collection.findOne (E:\Ongoing\MOM3\mom-backend\node_modules\mongodb\lib\collection.js:274:21)
    at async model.Query._findOne (E:\Ongoing\MOM3\mom-backend\node_modules\mongoose\lib\query.js:2602:15)
    at async model.Query.exec (E:\Ongoing\MOM3\mom-backend\node_modules\mongoose\lib\query.js:4412:63)
    at async Object.verifyEmployee (E:\Ongoing\MOM3\mom-backend\services\employeeService.js:364:10)
Date: 04/02/2025, Time: 11:58
Error: getaddrinfo ENOTFOUND ac-uhu9bdd-shard-00-01.6crwppo.mongodb.net
Stack Trace: MongoServerSelectionError: getaddrinfo ENOTFOUND ac-uhu9bdd-shard-00-01.6crwppo.mongodb.net
    at Topology.selectServer (E:\Ongoing\MOM3\mom-backend\node_modules\mongodb\lib\sdam\topology.js:303:38)
    at runNextTicks (node:internal/process/task_queues:60:5)
    at listOnTimeout (node:internal/timers:540:9)
    at process.processTimers (node:internal/timers:514:7)
    at async executeOperation (E:\Ongoing\MOM3\mom-backend\node_modules\mongodb\lib\operations\execute_operation.js:101:20)
    at async FindCursor._initialize (E:\Ongoing\MOM3\mom-backend\node_modules\mongodb\lib\cursor\find_cursor.js:51:26)
    at async FindCursor.cursorInit (E:\Ongoing\MOM3\mom-backend\node_modules\mongodb\lib\cursor\abstract_cursor.js:471:27)
    at async FindCursor.fetchBatch (E:\Ongoing\MOM3\mom-backend\node_modules\mongodb\lib\cursor\abstract_cursor.js:503:13)
    at async FindCursor.next (E:\Ongoing\MOM3\mom-backend\node_modules\mongodb\lib\cursor\abstract_cursor.js:228:13)
    at async Collection.findOne (E:\Ongoing\MOM3\mom-backend\node_modules\mongodb\lib\collection.js:274:21)
Date: 04/02/2025, Time: 11:58
Error: getaddrinfo ENOTFOUND ac-uhu9bdd-shard-00-01.6crwppo.mongodb.net
Stack Trace: MongoServerSelectionError: getaddrinfo ENOTFOUND ac-uhu9bdd-shard-00-01.6crwppo.mongodb.net
    at Topology.selectServer (E:\Ongoing\MOM3\mom-backend\node_modules\mongodb\lib\sdam\topology.js:303:38)
    at async executeOperation (E:\Ongoing\MOM3\mom-backend\node_modules\mongodb\lib\operations\execute_operation.js:101:20)
    at async FindCursor._initialize (E:\Ongoing\MOM3\mom-backend\node_modules\mongodb\lib\cursor\find_cursor.js:51:26)
    at async FindCursor.cursorInit (E:\Ongoing\MOM3\mom-backend\node_modules\mongodb\lib\cursor\abstract_cursor.js:471:27)
    at async FindCursor.fetchBatch (E:\Ongoing\MOM3\mom-backend\node_modules\mongodb\lib\cursor\abstract_cursor.js:503:13)
    at async FindCursor.next (E:\Ongoing\MOM3\mom-backend\node_modules\mongodb\lib\cursor\abstract_cursor.js:228:13)
    at async Collection.findOne (E:\Ongoing\MOM3\mom-backend\node_modules\mongodb\lib\collection.js:274:21)
    at async model.Query._findOne (E:\Ongoing\MOM3\mom-backend\node_modules\mongoose\lib\query.js:2602:15)
    at async model.Query.exec (E:\Ongoing\MOM3\mom-backend\node_modules\mongoose\lib\query.js:4412:63)
    at async Object.verifyEmployee (E:\Ongoing\MOM3\mom-backend\services\employeeService.js:364:10)

Date: 05/02/2025, Time: 13:02
Error: kkkkkkkkkkkkkkkkkkkkkkkkkkkkkk is not defined
Stack Trace: ReferenceError: kkkkkkkkkkkkkkkkkkkkkkkkkkkkkk is not defined
<<<<<<< HEAD
    at Object.reAssignAction (E:\Ongoing\MOM3\mom-backend\services\actionService.js:961:5)
    at process.processTicksAndRejections (node:internal/process/task_queues:95:5)
    at async reAssignAction (E:\Ongoing\MOM3\mom-backend\controllers\actionController.js:100:20)
Date: 10/02/2025, Time: 11:48
Error: kkkkkkkkkkkkkkkkkkkkkkkkkkkkkk is not defined
Stack Trace: ReferenceError: kkkkkkkkkkkkkkkkkkkkkkkkkkkkkk is not defined
    at Object.reAssignAction (E:\Ongoing\MOM3\mom-backend\services\actionService.js:961:5)
    at process.processTicksAndRejections (node:internal/process/task_queues:95:5)
    at async reAssignAction (E:\Ongoing\MOM3\mom-backend\controllers\actionController.js:100:20)
Date: 10/02/2025, Time: 11:51
Error: kkkkkkkkkkkkkkkkkkkkkkkkkkkkkk is not defined
Stack Trace: ReferenceError: kkkkkkkkkkkkkkkkkkkkkkkkkkkkkk is not defined
    at Object.reAssignAction (E:\Ongoing\MOM3\mom-backend\services\actionService.js:961:5)
    at process.processTicksAndRejections (node:internal/process/task_queues:95:5)
    at async reAssignAction (E:\Ongoing\MOM3\mom-backend\controllers\actionController.js:100:20)
Date: 10/02/2025, Time: 11:52
Error: kkkkkkkkkkkkkkkkkkkkkkkkkkkkkk is not defined
Stack Trace: ReferenceError: kkkkkkkkkkkkkkkkkkkkkkkkkkkkkk is not defined
    at Object.reAssignAction (E:\Ongoing\MOM3\mom-backend\services\actionService.js:961:5)
    at process.processTicksAndRejections (node:internal/process/task_queues:95:5)
    at async reAssignAction (E:\Ongoing\MOM3\mom-backend\controllers\actionController.js:100:20)
<<<<<<< HEAD
Date: 10/02/2025, Time: 16:38
Error: oooooooooo is not defined
Stack Trace: ReferenceError: oooooooooo is not defined
    at newMeetingAsRescheduled (E:\Ongoing\V2\mom-backend\controllers\meetingController.js:798:5)
    at Layer.handle [as handle_request] (E:\Ongoing\V2\mom-backend\node_modules\express\lib\router\layer.js:95:5)
    at next (E:\Ongoing\V2\mom-backend\node_modules\express\lib\router\route.js:149:13)
    at verifyUserToken (E:\Ongoing\V2\mom-backend\middlewares\authMiddleware.js:29:7)
    at process.processTicksAndRejections (node:internal/process/task_queues:95:5)
Date: 10/02/2025, Time: 16:39
Error: pppppppppppppppppppp is not defined
Stack Trace: ReferenceError: pppppppppppppppppppp is not defined
    at Object.newMeetingAsRescheduled (E:\Ongoing\V2\mom-backend\services\meetingService.js:3927:3)
    at newMeetingAsRescheduled (E:\Ongoing\V2\mom-backend\controllers\meetingController.js:799:41)
    at Layer.handle [as handle_request] (E:\Ongoing\V2\mom-backend\node_modules\express\lib\router\layer.js:95:5)
    at next (E:\Ongoing\V2\mom-backend\node_modules\express\lib\router\route.js:149:13)
    at verifyUserToken (E:\Ongoing\V2\mom-backend\middlewares\authMiddleware.js:29:7)
    at process.processTicksAndRejections (node:internal/process/task_queues:95:5)
Date: 12/02/2025, Time: 11:56
Error: No access, refresh token, API key or refresh handler callback is set.
Stack Trace: Error: No access, refresh token, API key or refresh handler callback is set.
    at OAuth2Client.getRequestMetadataAsync (E:\Ongoing\V2\mom-backend\node_modules\google-auth-library\build\src\auth\oauth2client.js:307:19)
    at OAuth2Client.requestAsync (E:\Ongoing\V2\mom-backend\node_modules\google-auth-library\build\src\auth\oauth2client.js:418:34)
    at OAuth2Client.request (E:\Ongoing\V2\mom-backend\node_modules\google-auth-library\build\src\auth\oauth2client.js:412:25)
    at createAPIRequestAsync (E:\Ongoing\V2\mom-backend\node_modules\googleapis-common\build\src\apirequest.js:303:31)
    at createAPIRequest (E:\Ongoing\V2\mom-backend\node_modules\googleapis-common\build\src\apirequest.js:52:16)
    at Resource$Events.insert (E:\Ongoing\V2\mom-backend\node_modules\googleapis\build\src\apis\calendar\v3.js:895:65)
    at Object.createGMeeting (E:\Ongoing\V2\mom-backend\services\googleService.js:60:42)
    at process.processTicksAndRejections (node:internal/process/task_queues:95:5)
    at async createGMeeting (E:\Ongoing\V2\mom-backend\controllers\meetingController.js:987:20)
Date: 12/02/2025, Time: 11:56
Error: No access, refresh token, API key or refresh handler callback is set.
Stack Trace: Error: No access, refresh token, API key or refresh handler callback is set.
    at OAuth2Client.getRequestMetadataAsync (E:\Ongoing\V2\mom-backend\node_modules\google-auth-library\build\src\auth\oauth2client.js:307:19)
    at OAuth2Client.requestAsync (E:\Ongoing\V2\mom-backend\node_modules\google-auth-library\build\src\auth\oauth2client.js:418:34)
    at OAuth2Client.request (E:\Ongoing\V2\mom-backend\node_modules\google-auth-library\build\src\auth\oauth2client.js:412:25)
    at createAPIRequestAsync (E:\Ongoing\V2\mom-backend\node_modules\googleapis-common\build\src\apirequest.js:303:31)
    at createAPIRequest (E:\Ongoing\V2\mom-backend\node_modules\googleapis-common\build\src\apirequest.js:52:16)
    at Resource$Events.insert (E:\Ongoing\V2\mom-backend\node_modules\googleapis\build\src\apis\calendar\v3.js:895:65)
    at Object.createGMeeting (E:\Ongoing\V2\mom-backend\services\googleService.js:60:42)
    at process.processTicksAndRejections (node:internal/process/task_queues:95:5)
    at async createGMeeting (E:\Ongoing\V2\mom-backend\controllers\meetingController.js:987:20)
Date: 12/02/2025, Time: 12:07
Error: No access, refresh token, API key or refresh handler callback is set.
Stack Trace: Error: No access, refresh token, API key or refresh handler callback is set.
    at OAuth2Client.getRequestMetadataAsync (E:\Ongoing\V2\mom-backend\node_modules\google-auth-library\build\src\auth\oauth2client.js:307:19)
    at OAuth2Client.requestAsync (E:\Ongoing\V2\mom-backend\node_modules\google-auth-library\build\src\auth\oauth2client.js:418:34)
    at OAuth2Client.request (E:\Ongoing\V2\mom-backend\node_modules\google-auth-library\build\src\auth\oauth2client.js:412:25)
    at createAPIRequestAsync (E:\Ongoing\V2\mom-backend\node_modules\googleapis-common\build\src\apirequest.js:303:31)
    at createAPIRequest (E:\Ongoing\V2\mom-backend\node_modules\googleapis-common\build\src\apirequest.js:52:16)
    at Resource$Events.insert (E:\Ongoing\V2\mom-backend\node_modules\googleapis\build\src\apis\calendar\v3.js:895:65)
    at Object.createGMeeting (E:\Ongoing\V2\mom-backend\services\googleService.js:93:42)
    at process.processTicksAndRejections (node:internal/process/task_queues:95:5)
    at async createGMeeting (E:\Ongoing\V2\mom-backend\controllers\meetingController.js:987:20)
Date: 12/02/2025, Time: 12:11
Error: No access, refresh token, API key or refresh handler callback is set.
Stack Trace: Error: No access, refresh token, API key or refresh handler callback is set.
    at OAuth2Client.getRequestMetadataAsync (E:\Ongoing\V2\mom-backend\node_modules\google-auth-library\build\src\auth\oauth2client.js:307:19)
    at OAuth2Client.requestAsync (E:\Ongoing\V2\mom-backend\node_modules\google-auth-library\build\src\auth\oauth2client.js:418:34)
    at OAuth2Client.request (E:\Ongoing\V2\mom-backend\node_modules\google-auth-library\build\src\auth\oauth2client.js:412:25)
    at createAPIRequestAsync (E:\Ongoing\V2\mom-backend\node_modules\googleapis-common\build\src\apirequest.js:303:31)
    at createAPIRequest (E:\Ongoing\V2\mom-backend\node_modules\googleapis-common\build\src\apirequest.js:52:16)
    at Resource$Events.insert (E:\Ongoing\V2\mom-backend\node_modules\googleapis\build\src\apis\calendar\v3.js:895:65)
    at Object.createGMeeting (E:\Ongoing\V2\mom-backend\services\googleService.js:93:42)
    at process.processTicksAndRejections (node:internal/process/task_queues:95:5)
    at async createGMeeting (E:\Ongoing\V2\mom-backend\controllers\meetingController.js:987:20)
Date: 12/02/2025, Time: 12:17
Error: No access, refresh token, API key or refresh handler callback is set.
Stack Trace: Error: No access, refresh token, API key or refresh handler callback is set.
    at OAuth2Client.getRequestMetadataAsync (E:\Ongoing\V2\mom-backend\node_modules\google-auth-library\build\src\auth\oauth2client.js:307:19)
    at OAuth2Client.requestAsync (E:\Ongoing\V2\mom-backend\node_modules\google-auth-library\build\src\auth\oauth2client.js:418:34)
    at OAuth2Client.request (E:\Ongoing\V2\mom-backend\node_modules\google-auth-library\build\src\auth\oauth2client.js:412:25)
    at createAPIRequestAsync (E:\Ongoing\V2\mom-backend\node_modules\googleapis-common\build\src\apirequest.js:303:31)
    at createAPIRequest (E:\Ongoing\V2\mom-backend\node_modules\googleapis-common\build\src\apirequest.js:52:16)
    at Resource$Events.insert (E:\Ongoing\V2\mom-backend\node_modules\googleapis\build\src\apis\calendar\v3.js:895:65)
    at Object.createGMeeting (E:\Ongoing\V2\mom-backend\services\googleService.js:93:42)
    at process.processTicksAndRejections (node:internal/process/task_queues:95:5)
    at async createGMeeting (E:\Ongoing\V2\mom-backend\controllers\meetingController.js:987:20)
Date: 12/02/2025, Time: 12:20
Error: No access, refresh token, API key or refresh handler callback is set.
Stack Trace: Error: No access, refresh token, API key or refresh handler callback is set.
    at OAuth2Client.getRequestMetadataAsync (E:\Ongoing\V2\mom-backend\node_modules\google-auth-library\build\src\auth\oauth2client.js:307:19)
    at OAuth2Client.requestAsync (E:\Ongoing\V2\mom-backend\node_modules\google-auth-library\build\src\auth\oauth2client.js:418:34)
    at OAuth2Client.request (E:\Ongoing\V2\mom-backend\node_modules\google-auth-library\build\src\auth\oauth2client.js:412:25)
    at createAPIRequestAsync (E:\Ongoing\V2\mom-backend\node_modules\googleapis-common\build\src\apirequest.js:303:31)
    at createAPIRequest (E:\Ongoing\V2\mom-backend\node_modules\googleapis-common\build\src\apirequest.js:52:16)
    at Resource$Events.insert (E:\Ongoing\V2\mom-backend\node_modules\googleapis\build\src\apis\calendar\v3.js:895:65)
    at Object.createGMeeting (E:\Ongoing\V2\mom-backend\services\googleService.js:89:42)
    at process.processTicksAndRejections (node:internal/process/task_queues:95:5)
    at async createGMeeting (E:\Ongoing\V2\mom-backend\controllers\meetingController.js:987:20)
Date: 12/02/2025, Time: 12:21
Error: No access, refresh token, API key or refresh handler callback is set.
Stack Trace: Error: No access, refresh token, API key or refresh handler callback is set.
    at OAuth2Client.getRequestMetadataAsync (E:\Ongoing\V2\mom-backend\node_modules\google-auth-library\build\src\auth\oauth2client.js:307:19)
    at OAuth2Client.requestAsync (E:\Ongoing\V2\mom-backend\node_modules\google-auth-library\build\src\auth\oauth2client.js:418:34)
    at OAuth2Client.request (E:\Ongoing\V2\mom-backend\node_modules\google-auth-library\build\src\auth\oauth2client.js:412:25)
    at createAPIRequestAsync (E:\Ongoing\V2\mom-backend\node_modules\googleapis-common\build\src\apirequest.js:303:31)
    at createAPIRequest (E:\Ongoing\V2\mom-backend\node_modules\googleapis-common\build\src\apirequest.js:52:16)
    at Resource$Events.insert (E:\Ongoing\V2\mom-backend\node_modules\googleapis\build\src\apis\calendar\v3.js:895:65)
    at Object.createGMeeting (E:\Ongoing\V2\mom-backend\services\googleService.js:91:42)
    at process.processTicksAndRejections (node:internal/process/task_queues:95:5)
    at async createGMeeting (E:\Ongoing\V2\mom-backend\controllers\meetingController.js:987:20)
Date: 12/02/2025, Time: 12:38
Error: No access, refresh token, API key or refresh handler callback is set.
Stack Trace: Error: No access, refresh token, API key or refresh handler callback is set.
    at OAuth2Client.getRequestMetadataAsync (E:\Ongoing\V2\mom-backend\node_modules\google-auth-library\build\src\auth\oauth2client.js:307:19)
    at OAuth2Client.requestAsync (E:\Ongoing\V2\mom-backend\node_modules\google-auth-library\build\src\auth\oauth2client.js:418:34)
    at OAuth2Client.request (E:\Ongoing\V2\mom-backend\node_modules\google-auth-library\build\src\auth\oauth2client.js:412:25)
    at createAPIRequestAsync (E:\Ongoing\V2\mom-backend\node_modules\googleapis-common\build\src\apirequest.js:303:31)
    at createAPIRequest (E:\Ongoing\V2\mom-backend\node_modules\googleapis-common\build\src\apirequest.js:52:16)
    at Resource$Events.insert (E:\Ongoing\V2\mom-backend\node_modules\googleapis\build\src\apis\calendar\v3.js:895:65)
    at Object.createGMeeting (E:\Ongoing\V2\mom-backend\services\googleService.js:126:42)
    at process.processTicksAndRejections (node:internal/process/task_queues:95:5)
    at async createGMeeting (E:\Ongoing\V2\mom-backend\controllers\meetingController.js:987:20)
Date: 12/02/2025, Time: 12:39
Error: No access, refresh token, API key or refresh handler callback is set.
Stack Trace: Error: No access, refresh token, API key or refresh handler callback is set.
    at OAuth2Client.getRequestMetadataAsync (E:\Ongoing\V2\mom-backend\node_modules\google-auth-library\build\src\auth\oauth2client.js:307:19)
    at OAuth2Client.requestAsync (E:\Ongoing\V2\mom-backend\node_modules\google-auth-library\build\src\auth\oauth2client.js:418:34)
    at OAuth2Client.request (E:\Ongoing\V2\mom-backend\node_modules\google-auth-library\build\src\auth\oauth2client.js:412:25)
    at createAPIRequestAsync (E:\Ongoing\V2\mom-backend\node_modules\googleapis-common\build\src\apirequest.js:303:31)
    at createAPIRequest (E:\Ongoing\V2\mom-backend\node_modules\googleapis-common\build\src\apirequest.js:52:16)
    at Resource$Events.insert (E:\Ongoing\V2\mom-backend\node_modules\googleapis\build\src\apis\calendar\v3.js:895:65)
    at Object.createGMeeting (E:\Ongoing\V2\mom-backend\services\googleService.js:120:42)
    at process.processTicksAndRejections (node:internal/process/task_queues:95:5)
    at async createGMeeting (E:\Ongoing\V2\mom-backend\controllers\meetingController.js:987:20)
Date: 12/02/2025, Time: 13:09
Error: No access, refresh token, API key or refresh handler callback is set.
Stack Trace: Error: No access, refresh token, API key or refresh handler callback is set.
    at OAuth2Client.getRequestMetadataAsync (E:\Ongoing\V2\mom-backend\node_modules\google-auth-library\build\src\auth\oauth2client.js:307:19)
    at OAuth2Client.requestAsync (E:\Ongoing\V2\mom-backend\node_modules\google-auth-library\build\src\auth\oauth2client.js:418:34)
    at OAuth2Client.request (E:\Ongoing\V2\mom-backend\node_modules\google-auth-library\build\src\auth\oauth2client.js:412:25)
    at createAPIRequestAsync (E:\Ongoing\V2\mom-backend\node_modules\googleapis-common\build\src\apirequest.js:303:31)
    at createAPIRequest (E:\Ongoing\V2\mom-backend\node_modules\googleapis-common\build\src\apirequest.js:52:16)
    at Resource$Events.insert (E:\Ongoing\V2\mom-backend\node_modules\googleapis\build\src\apis\calendar\v3.js:895:65)
    at Object.createGMeeting (E:\Ongoing\V2\mom-backend\services\googleService.js:131:42)
    at process.processTicksAndRejections (node:internal/process/task_queues:95:5)
    at async createGMeeting (E:\Ongoing\V2\mom-backend\controllers\meetingController.js:987:20)
Date: 12/02/2025, Time: 13:15
Error: The "listener" argument must be of type function. Received undefined
Stack Trace: TypeError [ERR_INVALID_ARG_TYPE]: The "listener" argument must be of type function. Received undefined
    at checkListener (node:events:276:3)
    at _addListener (node:events:552:3)
    at OAuth2Client.addListener (node:events:611:10)
    at authenticate (E:\Ongoing\V2\mom-backend\services\googleService.js:53:40)
    at Object.createGMeeting (E:\Ongoing\V2\mom-backend\services\googleService.js:108:22)
    at createGMeeting (E:\Ongoing\V2\mom-backend\controllers\meetingController.js:987:40)
    at Layer.handle [as handle_request] (E:\Ongoing\V2\mom-backend\node_modules\express\lib\router\layer.js:95:5)
    at next (E:\Ongoing\V2\mom-backend\node_modules\express\lib\router\route.js:149:13)
    at Route.dispatch (E:\Ongoing\V2\mom-backend\node_modules\express\lib\router\route.js:119:3)
    at Layer.handle [as handle_request] (E:\Ongoing\V2\mom-backend\node_modules\express\lib\router\layer.js:95:5)
Date: 12/02/2025, Time: 15:45
Error: No access, refresh token, API key or refresh handler callback is set.
Stack Trace: Error: No access, refresh token, API key or refresh handler callback is set.
    at OAuth2Client.getRequestMetadataAsync (E:\Ongoing\V2\mom-backend\node_modules\google-auth-library\build\src\auth\oauth2client.js:307:19)
    at OAuth2Client.requestAsync (E:\Ongoing\V2\mom-backend\node_modules\google-auth-library\build\src\auth\oauth2client.js:418:34)
    at OAuth2Client.request (E:\Ongoing\V2\mom-backend\node_modules\google-auth-library\build\src\auth\oauth2client.js:412:25)
    at createAPIRequestAsync (E:\Ongoing\V2\mom-backend\node_modules\googleapis-common\build\src\apirequest.js:303:31)
    at createAPIRequest (E:\Ongoing\V2\mom-backend\node_modules\googleapis-common\build\src\apirequest.js:52:16)
    at Resource$Events.insert (E:\Ongoing\V2\mom-backend\node_modules\googleapis\build\src\apis\calendar\v3.js:895:65)
    at Object.createGMeeting (E:\Ongoing\V2\mom-backend\services\googleService.js:170:42)
    at process.processTicksAndRejections (node:internal/process/task_queues:95:5)
    at async createGMeeting (E:\Ongoing\V2\mom-backend\controllers\meetingController.js:987:20)
Date: 12/02/2025, Time: 15:49
Error: uuuuuuuuuuu is not defined
Stack Trace: ReferenceError: uuuuuuuuuuu is not defined
    at Object.createGMeeting (E:\Ongoing\V2\mom-backend\services\googleService.js:125:3)
    at process.processTicksAndRejections (node:internal/process/task_queues:95:5)
    at async createGMeeting (E:\Ongoing\V2\mom-backend\controllers\meetingController.js:987:20)
Date: 12/02/2025, Time: 15:58
Error: jwtClient is not defined
Stack Trace: ReferenceError: jwtClient is not defined
    at Object.createGMeeting (E:\Ongoing\V2\mom-backend\services\googleService.js:182:11)
    at process.processTicksAndRejections (node:internal/process/task_queues:95:5)
    at async createGMeeting (E:\Ongoing\V2\mom-backend\controllers\meetingController.js:987:20)
=======
<<<<<<< HEAD
Date: 10/02/2025, Time: 15:25
Error: "empId" is required
Stack Trace: ValidationError: "empId" is required
Date: 10/02/2025, Time: 15:26
Error: "empId" is required
Stack Trace: ValidationError: "empId" is required
Date: 10/02/2025, Time: 15:29
Error: "empId" is required
Stack Trace: ValidationError: "empId" is required
Date: 10/02/2025, Time: 15:29
Error: "empId" is required
Stack Trace: ValidationError: "empId" is required
Date: 10/02/2025, Time: 15:31
Error: "empId" is required
Stack Trace: ValidationError: "empId" is required
Date: 10/02/2025, Time: 15:33
Error: "empId" is required
Stack Trace: ValidationError: "empId" is required
Date: 10/02/2025, Time: 15:36
Error: Confirm Password must match the Password.
Stack Trace: ValidationError: Confirm Password must match the Password.
Date: 10/02/2025, Time: 15:48
Error: Operation `employees.findOne()` buffering timed out after 10000ms
Stack Trace: MongooseError: Operation `employees.findOne()` buffering timed out after 10000ms
    at Timeout.<anonymous> (D:\Ongoing_Minutes-Vault\Minutes-Vault-V2\mom-backend\node_modules\mongoose\lib\drivers\node-mongodb-native\collection.js:185:23)
    at listOnTimeout (node:internal/timers:594:17)
    at process.processTimers (node:internal/timers:529:7)
Date: 10/02/2025, Time: 15:49
Error: Operation `employees.findOne()` buffering timed out after 10000ms
Stack Trace: MongooseError: Operation `employees.findOne()` buffering timed out after 10000ms
    at Timeout.<anonymous> (D:\Ongoing_Minutes-Vault\Minutes-Vault-V2\mom-backend\node_modules\mongoose\lib\drivers\node-mongodb-native\collection.js:185:23)
    at listOnTimeout (node:internal/timers:594:17)
    at process.processTimers (node:internal/timers:529:7)
Date: 10/02/2025, Time: 15:49
Error: querySrv ETIMEOUT _mongodb._tcp.ntspl.6crwppo.mongodb.net
Stack Trace: Error: querySrv ETIMEOUT _mongodb._tcp.ntspl.6crwppo.mongodb.net
    at QueryReqWrap.onresolve [as oncomplete] (node:internal/dns/promises:293:17)
Date: 10/02/2025, Time: 16:28
Error: emailLogs validation failed: subject: Path `subject` is required., body: Path `body` is required.
Stack Trace: ValidationError: emailLogs validation failed: subject: Path `subject` is required., body: Path `body` is required.
    at Document.invalidate (D:\Ongoing_Minutes-Vault\Minutes-Vault-V2\mom-backend\node_modules\mongoose\lib\document.js:3312:32)
    at D:\Ongoing_Minutes-Vault\Minutes-Vault-V2\mom-backend\node_modules\mongoose\lib\document.js:3073:17
    at D:\Ongoing_Minutes-Vault\Minutes-Vault-V2\mom-backend\node_modules\mongoose\lib\schemaType.js:1388:9
    at process.processTicksAndRejections (node:internal/process/task_queues:85:11)
Date: 10/02/2025, Time: 16:28
Error: emailLogs validation failed: subject: Path `subject` is required., body: Path `body` is required.
Stack Trace: ValidationError: emailLogs validation failed: subject: Path `subject` is required., body: Path `body` is required.
    at Document.invalidate (D:\Ongoing_Minutes-Vault\Minutes-Vault-V2\mom-backend\node_modules\mongoose\lib\document.js:3312:32)
    at D:\Ongoing_Minutes-Vault\Minutes-Vault-V2\mom-backend\node_modules\mongoose\lib\document.js:3073:17
    at D:\Ongoing_Minutes-Vault\Minutes-Vault-V2\mom-backend\node_modules\mongoose\lib\schemaType.js:1388:9
    at process.processTicksAndRejections (node:internal/process/task_queues:85:11)
Date: 10/02/2025, Time: 16:28
Error: emailLogs validation failed: subject: Path `subject` is required., body: Path `body` is required.
Stack Trace: ValidationError: emailLogs validation failed: subject: Path `subject` is required., body: Path `body` is required.
    at Document.invalidate (D:\Ongoing_Minutes-Vault\Minutes-Vault-V2\mom-backend\node_modules\mongoose\lib\document.js:3312:32)
    at D:\Ongoing_Minutes-Vault\Minutes-Vault-V2\mom-backend\node_modules\mongoose\lib\document.js:3073:17
    at D:\Ongoing_Minutes-Vault\Minutes-Vault-V2\mom-backend\node_modules\mongoose\lib\schemaType.js:1388:9
    at process.processTicksAndRejections (node:internal/process/task_queues:85:11)
Date: 10/02/2025, Time: 16:29
Error: emailLogs validation failed: subject: Path `subject` is required., body: Path `body` is required.
Stack Trace: ValidationError: emailLogs validation failed: subject: Path `subject` is required., body: Path `body` is required.
    at Document.invalidate (D:\Ongoing_Minutes-Vault\Minutes-Vault-V2\mom-backend\node_modules\mongoose\lib\document.js:3312:32)
    at D:\Ongoing_Minutes-Vault\Minutes-Vault-V2\mom-backend\node_modules\mongoose\lib\document.js:3073:17
    at D:\Ongoing_Minutes-Vault\Minutes-Vault-V2\mom-backend\node_modules\mongoose\lib\schemaType.js:1388:9
    at process.processTicksAndRejections (node:internal/process/task_queues:85:11)
Date: 10/02/2025, Time: 16:29
Error: emailLogs validation failed: subject: Path `subject` is required., body: Path `body` is required.
Stack Trace: ValidationError: emailLogs validation failed: subject: Path `subject` is required., body: Path `body` is required.
    at Document.invalidate (D:\Ongoing_Minutes-Vault\Minutes-Vault-V2\mom-backend\node_modules\mongoose\lib\document.js:3312:32)
    at D:\Ongoing_Minutes-Vault\Minutes-Vault-V2\mom-backend\node_modules\mongoose\lib\document.js:3073:17
    at D:\Ongoing_Minutes-Vault\Minutes-Vault-V2\mom-backend\node_modules\mongoose\lib\schemaType.js:1388:9
    at process.processTicksAndRejections (node:internal/process/task_queues:85:11)
Date: 10/02/2025, Time: 16:30
Error: emailLogs validation failed: subject: Path `subject` is required., body: Path `body` is required.
Stack Trace: ValidationError: emailLogs validation failed: subject: Path `subject` is required., body: Path `body` is required.
    at Document.invalidate (D:\Ongoing_Minutes-Vault\Minutes-Vault-V2\mom-backend\node_modules\mongoose\lib\document.js:3312:32)
    at D:\Ongoing_Minutes-Vault\Minutes-Vault-V2\mom-backend\node_modules\mongoose\lib\document.js:3073:17
    at D:\Ongoing_Minutes-Vault\Minutes-Vault-V2\mom-backend\node_modules\mongoose\lib\schemaType.js:1388:9
    at process.processTicksAndRejections (node:internal/process/task_queues:85:11)
Date: 10/02/2025, Time: 16:30
Error: emailLogs validation failed: subject: Path `subject` is required., body: Path `body` is required.
Stack Trace: ValidationError: emailLogs validation failed: subject: Path `subject` is required., body: Path `body` is required.
    at Document.invalidate (D:\Ongoing_Minutes-Vault\Minutes-Vault-V2\mom-backend\node_modules\mongoose\lib\document.js:3312:32)
    at D:\Ongoing_Minutes-Vault\Minutes-Vault-V2\mom-backend\node_modules\mongoose\lib\document.js:3073:17
    at D:\Ongoing_Minutes-Vault\Minutes-Vault-V2\mom-backend\node_modules\mongoose\lib\schemaType.js:1388:9
    at process.processTicksAndRejections (node:internal/process/task_queues:85:11)
Date: 10/02/2025, Time: 17:16
Error: userDat is not defined
Stack Trace: ReferenceError: userDat is not defined
    at Object.actionReassignRequest (D:\Ongoing_Minutes-Vault\Minutes-Vault-V2\mom-backend\services\actionService.js:112:9)
=======
    at Object.reAssignAction (D:\On Going\mom-backend\services\actionService.js:958:5)
>>>>>>> 9986d28ffd3b1b150a7b539c036379988260f5bd
    at process.processTicksAndRejections (node:internal/process/task_queues:105:5)
    at async reAssignAction (D:\On Going\mom-backend\controllers\actionController.js:100:20)
Date: 05/02/2025, Time: 16:45
Error: Operation `employees.findOne()` buffering timed out after 10000ms
Stack Trace: MongooseError: Operation `employees.findOne()` buffering timed out after 10000ms
    at Timeout.<anonymous> (D:\On Going\mom-backend\node_modules\mongoose\lib\drivers\node-mongodb-native\collection.js:185:23)
    at listOnTimeout (node:internal/timers:594:17)
    at process.processTimers (node:internal/timers:529:7)
Date: 06/02/2025, Time: 10:34
Error: querySrv ESERVFAIL _mongodb._tcp.ntspl.6crwppo.mongodb.net
Stack Trace: Error: querySrv ESERVFAIL _mongodb._tcp.ntspl.6crwppo.mongodb.net
    at QueryReqWrap.onresolve [as oncomplete] (node:internal/dns/promises:293:17)
Date: 06/02/2025, Time: 15:29
Error: "priority" is not allowed
Stack Trace: ValidationError: "priority" is not allowed
Date: 06/02/2025, Time: 16:56
Error: Operation `employees.findOne()` buffering timed out after 10000ms
Stack Trace: MongooseError: Operation `employees.findOne()` buffering timed out after 10000ms
    at Timeout.<anonymous> (D:\Ongoing_Minutes-Vault\Latest Code By Harihar Sir (06-02-2025)\BE\node_modules\mongoose\lib\drivers\node-mongodb-native\collection.js:185:23)
    at listOnTimeout (node:internal/timers:594:17)
    at process.processTimers (node:internal/timers:529:7)
Date: 06/02/2025, Time: 16:56
Error: Operation `employees.findOne()` buffering timed out after 10000ms
Stack Trace: MongooseError: Operation `employees.findOne()` buffering timed out after 10000ms
    at Timeout.<anonymous> (D:\Ongoing_Minutes-Vault\Latest Code By Harihar Sir (06-02-2025)\BE\node_modules\mongoose\lib\drivers\node-mongodb-native\collection.js:185:23)
    at listOnTimeout (node:internal/timers:594:17)
    at process.processTimers (node:internal/timers:529:7)
Date: 06/02/2025, Time: 16:56
Error: Operation `employees.findOne()` buffering timed out after 10000ms
Stack Trace: MongooseError: Operation `employees.findOne()` buffering timed out after 10000ms
    at Timeout.<anonymous> (D:\Ongoing_Minutes-Vault\Latest Code By Harihar Sir (06-02-2025)\BE\node_modules\mongoose\lib\drivers\node-mongodb-native\collection.js:185:23)
    at listOnTimeout (node:internal/timers:594:17)
    at process.processTimers (node:internal/timers:529:7)
Date: 06/02/2025, Time: 16:56
Error: Operation `employees.findOne()` buffering timed out after 10000ms
Stack Trace: MongooseError: Operation `employees.findOne()` buffering timed out after 10000ms
    at Timeout.<anonymous> (D:\Ongoing_Minutes-Vault\Latest Code By Harihar Sir (06-02-2025)\BE\node_modules\mongoose\lib\drivers\node-mongodb-native\collection.js:185:23)
    at listOnTimeout (node:internal/timers:594:17)
    at process.processTimers (node:internal/timers:529:7)
Date: 06/02/2025, Time: 16:56
Error: Operation `employees.findOne()` buffering timed out after 10000ms
Stack Trace: MongooseError: Operation `employees.findOne()` buffering timed out after 10000ms
    at Timeout.<anonymous> (D:\Ongoing_Minutes-Vault\Latest Code By Harihar Sir (06-02-2025)\BE\node_modules\mongoose\lib\drivers\node-mongodb-native\collection.js:185:23)
    at listOnTimeout (node:internal/timers:594:17)
    at process.processTimers (node:internal/timers:529:7)
Date: 06/02/2025, Time: 16:56
Error: Operation `employees.findOne()` buffering timed out after 10000ms
Stack Trace: MongooseError: Operation `employees.findOne()` buffering timed out after 10000ms
    at Timeout.<anonymous> (D:\Ongoing_Minutes-Vault\Latest Code By Harihar Sir (06-02-2025)\BE\node_modules\mongoose\lib\drivers\node-mongodb-native\collection.js:185:23)
    at listOnTimeout (node:internal/timers:594:17)
    at process.processTimers (node:internal/timers:529:7)
Date: 14/02/2025, Time: 15:27
Error: "name" is required
Stack Trace: ValidationError: "name" is required
Date: 18/02/2025, Time: 16:11
Error: existingAttendee is not defined
Stack Trace: ReferenceError: existingAttendee is not defined
    at Object.checkAttendeeArrayAvailability (E:\Ongoing\V2\BE\TESTING\mom-backendv2\services\meetingService.js:241:3)
    at checkAttendeeArrayAvailability (E:\Ongoing\V2\BE\TESTING\mom-backendv2\controllers\meetingController.js:110:43)
    at Layer.handle [as handle_request] (E:\Ongoing\V2\BE\TESTING\mom-backendv2\node_modules\express\lib\router\layer.js:95:5)
    at next (E:\Ongoing\V2\BE\TESTING\mom-backendv2\node_modules\express\lib\router\route.js:149:13)
    at Route.dispatch (E:\Ongoing\V2\BE\TESTING\mom-backendv2\node_modules\express\lib\router\route.js:119:3)
    at Layer.handle [as handle_request] (E:\Ongoing\V2\BE\TESTING\mom-backendv2\node_modules\express\lib\router\layer.js:95:5)
    at E:\Ongoing\V2\BE\TESTING\mom-backendv2\node_modules\express\lib\router\index.js:284:15
    at Function.process_params (E:\Ongoing\V2\BE\TESTING\mom-backendv2\node_modules\express\lib\router\index.js:346:12)
    at next (E:\Ongoing\V2\BE\TESTING\mom-backendv2\node_modules\express\lib\router\index.js:280:10)
    at Function.handle (E:\Ongoing\V2\BE\TESTING\mom-backendv2\node_modules\express\lib\router\index.js:175:3)
Date: 18/02/2025, Time: 18:59
Error: organizations validation failed: organizationCode: Path `organizationCode` is required.
Stack Trace: ValidationError: organizations validation failed: organizationCode: Path `organizationCode` is required.
    at Document.invalidate (E:\Ongoing\V2\BE\TESTING\mom-backendv2\node_modules\mongoose\lib\document.js:3334:32)
    at E:\Ongoing\V2\BE\TESTING\mom-backendv2\node_modules\mongoose\lib\document.js:3095:17
    at E:\Ongoing\V2\BE\TESTING\mom-backendv2\node_modules\mongoose\lib\schemaType.js:1407:9
    at process.processTicksAndRejections (node:internal/process/task_queues:77:11)
Date: 18/02/2025, Time: 19:07
Error: The "chunk" argument must be of type string or an instance of Buffer, TypedArray, or DataView. Received an instance of Object
Stack Trace: TypeError [ESTREAM]: The "chunk" argument must be of type string or an instance of Buffer, TypedArray, or DataView. Received an instance of Object
    at _write (node:internal/streams/writable:474:13)
    at Writable.end (node:internal/streams/writable:814:17)
    at Immediate.<anonymous> (E:\Ongoing\V2\BE\TESTING\mom-backendv2\node_modules\nodemailer\lib\mime-node\index.js:997:35)
    at process.processImmediate (node:internal/timers:478:21)
Date: 18/02/2025, Time: 19:09
Error: emailLogs validation failed: subject: Path `subject` is required.
Stack Trace: ValidationError: emailLogs validation failed: subject: Path `subject` is required.
    at Document.invalidate (E:\Ongoing\V2\BE\TESTING\mom-backendv2\node_modules\mongoose\lib\document.js:3334:32)
    at E:\Ongoing\V2\BE\TESTING\mom-backendv2\node_modules\mongoose\lib\document.js:3095:17
    at E:\Ongoing\V2\BE\TESTING\mom-backendv2\node_modules\mongoose\lib\schemaType.js:1407:9
    at process.processTicksAndRejections (node:internal/process/task_queues:77:11)
Date: 18/02/2025, Time: 19:11
Error: Cannot read properties of undefined (reading 'startsWith')
Stack Trace: TypeError: Cannot read properties of undefined (reading 'startsWith')
    at verifyUserToken (E:\Ongoing\V2\BE\TESTING\mom-backendv2\middlewares\authMiddleware.js:18:15)
    at Layer.handle [as handle_request] (E:\Ongoing\V2\BE\TESTING\mom-backendv2\node_modules\express\lib\router\layer.js:95:5)
    at next (E:\Ongoing\V2\BE\TESTING\mom-backendv2\node_modules\express\lib\router\route.js:149:13)
    at Route.dispatch (E:\Ongoing\V2\BE\TESTING\mom-backendv2\node_modules\express\lib\router\route.js:119:3)
    at Layer.handle [as handle_request] (E:\Ongoing\V2\BE\TESTING\mom-backendv2\node_modules\express\lib\router\layer.js:95:5)
    at E:\Ongoing\V2\BE\TESTING\mom-backendv2\node_modules\express\lib\router\index.js:284:15
    at param (E:\Ongoing\V2\BE\TESTING\mom-backendv2\node_modules\express\lib\router\index.js:365:14)
    at param (E:\Ongoing\V2\BE\TESTING\mom-backendv2\node_modules\express\lib\router\index.js:376:14)
    at Function.process_params (E:\Ongoing\V2\BE\TESTING\mom-backendv2\node_modules\express\lib\router\index.js:421:3)
    at next (E:\Ongoing\V2\BE\TESTING\mom-backendv2\node_modules\express\lib\router\index.js:280:10)
<<<<<<< HEAD
Date: 21/02/2025, Time: 10:14
Error: Invalid scheme, expected connection string to start with "mongodb://" or "mongodb+srv://"
Stack Trace: MongoParseError: Invalid scheme, expected connection string to start with "mongodb://" or "mongodb+srv://"
    at new ConnectionString (D:\MinutesVault\MINUTES-VAULT-NEW\MinutesVaultV2\mom-backendv2\node_modules\mongodb-connection-string-url\lib\index.js:86:19)
    at parseOptions (D:\MinutesVault\MINUTES-VAULT-NEW\MinutesVaultV2\mom-backendv2\node_modules\mongoose\node_modules\mongodb\lib\connection_string.js:203:17)
    at new MongoClient (D:\MinutesVault\MINUTES-VAULT-NEW\MinutesVaultV2\mom-backendv2\node_modules\mongoose\node_modules\mongodb\lib\mongo_client.js:51:61)
    at NativeConnection.createClient (D:\MinutesVault\MINUTES-VAULT-NEW\MinutesVaultV2\mom-backendv2\node_modules\mongoose\lib\drivers\node-mongodb-native\connection.js:328:14)
    at NativeConnection.openUri (D:\MinutesVault\MINUTES-VAULT-NEW\MinutesVaultV2\mom-backendv2\node_modules\mongoose\lib\connection.js:1069:34)
    at Mongoose.connect (D:\MinutesVault\MINUTES-VAULT-NEW\MinutesVaultV2\mom-backendv2\node_modules\mongoose\lib\mongoose.js:446:15)
    at connectDB (D:\MinutesVault\MINUTES-VAULT-NEW\MinutesVaultV2\mom-backendv2\dbLayer\connection.js:8:33)
    at Object.<anonymous> (D:\MinutesVault\MINUTES-VAULT-NEW\MinutesVaultV2\mom-backendv2\server.js:63:1)
    at Module._compile (node:internal/modules/cjs/loader:1546:14)
    at Object..js (node:internal/modules/cjs/loader:1689:10)
Date: 21/02/2025, Time: 10:20
Error: Invalid scheme, expected connection string to start with "mongodb://" or "mongodb+srv://"
Stack Trace: MongoParseError: Invalid scheme, expected connection string to start with "mongodb://" or "mongodb+srv://"
    at new ConnectionString (D:\MinutesVault\MINUTES-VAULT-NEW\MinutesVaultV2\mom-backendv2\node_modules\mongodb-connection-string-url\lib\index.js:86:19)
    at parseOptions (D:\MinutesVault\MINUTES-VAULT-NEW\MinutesVaultV2\mom-backendv2\node_modules\mongoose\node_modules\mongodb\lib\connection_string.js:203:17)
    at new MongoClient (D:\MinutesVault\MINUTES-VAULT-NEW\MinutesVaultV2\mom-backendv2\node_modules\mongoose\node_modules\mongodb\lib\mongo_client.js:51:61)
    at NativeConnection.createClient (D:\MinutesVault\MINUTES-VAULT-NEW\MinutesVaultV2\mom-backendv2\node_modules\mongoose\lib\drivers\node-mongodb-native\connection.js:328:14)
    at NativeConnection.openUri (D:\MinutesVault\MINUTES-VAULT-NEW\MinutesVaultV2\mom-backendv2\node_modules\mongoose\lib\connection.js:1069:34)
    at Mongoose.connect (D:\MinutesVault\MINUTES-VAULT-NEW\MinutesVaultV2\mom-backendv2\node_modules\mongoose\lib\mongoose.js:446:15)
    at connectDB (D:\MinutesVault\MINUTES-VAULT-NEW\MinutesVaultV2\mom-backendv2\dbLayer\connection.js:8:33)
    at Object.<anonymous> (D:\MinutesVault\MINUTES-VAULT-NEW\MinutesVaultV2\mom-backendv2\server.js:63:1)
    at Module._compile (node:internal/modules/cjs/loader:1546:14)
    at Object..js (node:internal/modules/cjs/loader:1689:10)
Date: 21/02/2025, Time: 10:28
Error: Invalid scheme, expected connection string to start with "mongodb://" or "mongodb+srv://"
Stack Trace: MongoParseError: Invalid scheme, expected connection string to start with "mongodb://" or "mongodb+srv://"
    at new ConnectionString (D:\MinutesVault\MINUTES-VAULT-NEW\MinutesVaultV2\mom-backendv2\node_modules\mongodb-connection-string-url\lib\index.js:86:19)
    at parseOptions (D:\MinutesVault\MINUTES-VAULT-NEW\MinutesVaultV2\mom-backendv2\node_modules\mongoose\node_modules\mongodb\lib\connection_string.js:203:17)
    at new MongoClient (D:\MinutesVault\MINUTES-VAULT-NEW\MinutesVaultV2\mom-backendv2\node_modules\mongoose\node_modules\mongodb\lib\mongo_client.js:51:61)
    at NativeConnection.createClient (D:\MinutesVault\MINUTES-VAULT-NEW\MinutesVaultV2\mom-backendv2\node_modules\mongoose\lib\drivers\node-mongodb-native\connection.js:328:14)
    at NativeConnection.openUri (D:\MinutesVault\MINUTES-VAULT-NEW\MinutesVaultV2\mom-backendv2\node_modules\mongoose\lib\connection.js:1069:34)
    at Mongoose.connect (D:\MinutesVault\MINUTES-VAULT-NEW\MinutesVaultV2\mom-backendv2\node_modules\mongoose\lib\mongoose.js:446:15)
    at connectDB (D:\MinutesVault\MINUTES-VAULT-NEW\MinutesVaultV2\mom-backendv2\dbLayer\connection.js:8:33)
    at Object.<anonymous> (D:\MinutesVault\MINUTES-VAULT-NEW\MinutesVaultV2\mom-backendv2\server.js:63:1)
    at Module._compile (node:internal/modules/cjs/loader:1546:14)
    at Object..js (node:internal/modules/cjs/loader:1689:10)
Date: 21/02/2025, Time: 10:48
Error: HTML tags & Special letters are not allowed!
Stack Trace: ValidationError: HTML tags & Special letters are not allowed!
Date: 21/02/2025, Time: 10:50
Error: HTML tags & Special letters are not allowed!
Stack Trace: ValidationError: HTML tags & Special letters are not allowed!
Date: 21/02/2025, Time: 10:50
Error: HTML tags & Special letters are not allowed!
Stack Trace: ValidationError: HTML tags & Special letters are not allowed!
Date: 21/02/2025, Time: 10:50
Error: HTML tags & Special letters are not allowed!
Stack Trace: ValidationError: HTML tags & Special letters are not allowed!
Date: 21/02/2025, Time: 11:10
Error: HTML tags & Special letters are not allowed!
Stack Trace: ValidationError: HTML tags & Special letters are not allowed!
Date: 21/02/2025, Time: 11:10
Error: HTML tags & Special letters are not allowed!
Stack Trace: ValidationError: HTML tags & Special letters are not allowed!
Date: 21/02/2025, Time: 11:12
Error: HTML tags & Special letters are not allowed!
Stack Trace: ValidationError: HTML tags & Special letters are not allowed!
Date: 21/02/2025, Time: 11:14
Error: HTML tags & Special letters are not allowed!
Stack Trace: ValidationError: HTML tags & Special letters are not allowed!
Date: 21/02/2025, Time: 11:38
Error: Cannot read properties of undefined (reading 'split')
Stack Trace: TypeError: Cannot read properties of undefined (reading 'split')
    at convertTo12HourFormat (D:\MinutesVault\MINUTES-VAULT-NEW\MinutesVaultV2\mom-backendv2\services\meetingService.js:33:36)
    at Object.checkAttendeeArrayAvailability (D:\MinutesVault\MINUTES-VAULT-NEW\MinutesVaultV2\mom-backendv2\services\meetingService.js:264:31)
    at process.processTicksAndRejections (node:internal/process/task_queues:105:5)
    at async checkAttendeeArrayAvailability (D:\MinutesVault\MINUTES-VAULT-NEW\MinutesVaultV2\mom-backendv2\controllers\meetingController.js:105:22)
Date: 21/02/2025, Time: 11:40
Error: Cannot read properties of undefined (reading 'split')
Stack Trace: TypeError: Cannot read properties of undefined (reading 'split')
    at convertTo12HourFormat (D:\MinutesVault\MINUTES-VAULT-NEW\MinutesVaultV2\mom-backendv2\services\meetingService.js:33:36)
    at Object.checkAttendeeArrayAvailability (D:\MinutesVault\MINUTES-VAULT-NEW\MinutesVaultV2\mom-backendv2\services\meetingService.js:264:31)
    at process.processTicksAndRejections (node:internal/process/task_queues:105:5)
    at async checkAttendeeArrayAvailability (D:\MinutesVault\MINUTES-VAULT-NEW\MinutesVaultV2\mom-backendv2\controllers\meetingController.js:105:22)
=======
<<<<<<< HEAD
>>>>>>> 34744d756504843da638dedc47cd0da49bf95468
>>>>>>> caa0640c391ca778542dbcfeb4f0fe0e466584ef
Date: 13/02/2025, Time: 10:41
Error: meetings validation failed: linkType: `GMEET` is not a valid enum value for path `linkType`., hostDetails.hostType: `GMEET` is not a valid enum value for path `hostDetails.hostType`.
Stack Trace: ValidationError: meetings validation failed: linkType: `GMEET` is not a valid enum value for path `linkType`., hostDetails.hostType: `GMEET` is not a valid enum value for path `hostDetails.hostType`.
    at Document.invalidate (E:\Ongoing\V2\mom-backend\node_modules\mongoose\lib\document.js:3312:32)
    at E:\Ongoing\V2\mom-backend\node_modules\mongoose\lib\document.js:3073:17
    at E:\Ongoing\V2\mom-backend\node_modules\mongoose\lib\schemaType.js:1388:9
    at process.processTicksAndRejections (node:internal/process/task_queues:77:11)
Date: 13/02/2025, Time: 11:25
Error: commonHelper is not defined
Stack Trace: ReferenceError: commonHelper is not defined
    at Object.createGMeetingMOM (E:\Ongoing\V2\mom-backend\services\googleService.js:240:32)
    at Object.updateMeeting (E:\Ongoing\V2\mom-backend\services\meetingService.js:578:48)
    at process.processTicksAndRejections (node:internal/process/task_queues:95:5)
    at async updateMeeting (E:\Ongoing\V2\mom-backend\controllers\meetingController.js:118:20)
Date: 13/02/2025, Time: 11:26
Error: No access, refresh token, API key or refresh handler callback is set.
Stack Trace: Error: No access, refresh token, API key or refresh handler callback is set.
    at OAuth2Client.getRequestMetadataAsync (E:\Ongoing\V2\mom-backend\node_modules\google-auth-library\build\src\auth\oauth2client.js:307:19)
    at OAuth2Client.requestAsync (E:\Ongoing\V2\mom-backend\node_modules\google-auth-library\build\src\auth\oauth2client.js:418:34)
    at OAuth2Client.request (E:\Ongoing\V2\mom-backend\node_modules\google-auth-library\build\src\auth\oauth2client.js:412:25)
    at createAPIRequestAsync (E:\Ongoing\V2\mom-backend\node_modules\googleapis-common\build\src\apirequest.js:303:31)
    at createAPIRequest (E:\Ongoing\V2\mom-backend\node_modules\googleapis-common\build\src\apirequest.js:52:16)
    at Resource$Events.insert (E:\Ongoing\V2\mom-backend\node_modules\googleapis\build\src\apis\calendar\v3.js:895:65)
    at Object.createGMeetingMOM (E:\Ongoing\V2\mom-backend\services\googleService.js:280:42)
    at process.processTicksAndRejections (node:internal/process/task_queues:95:5)
    at async Object.updateMeeting (E:\Ongoing\V2\mom-backend\services\meetingService.js:578:28)
    at async updateMeeting (E:\Ongoing\V2\mom-backend\controllers\meetingController.js:118:20)
Date: 13/02/2025, Time: 11:43
Error: invalid_grant
Stack Trace: Error: invalid_grant
    at Gaxios._request (E:\Ongoing\V2\mom-backend\node_modules\gaxios\build\src\gaxios.js:142:23)
    at process.processTicksAndRejections (node:internal/process/task_queues:95:5)
    at async OAuth2Client.getTokenAsync (E:\Ongoing\V2\mom-backend\node_modules\google-auth-library\build\src\auth\oauth2client.js:158:21)
    at async Object.createGMeeting (E:\Ongoing\V2\mom-backend\services\googleService.js:122:22)
    at async createGMeeting (E:\Ongoing\V2\mom-backend\controllers\meetingController.js:996:20)
Date: 13/02/2025, Time: 11:44
Error: invalid_grant
Stack Trace: Error: invalid_grant
    at Gaxios._request (E:\Ongoing\V2\mom-backend\node_modules\gaxios\build\src\gaxios.js:142:23)
    at process.processTicksAndRejections (node:internal/process/task_queues:95:5)
    at async OAuth2Client.getTokenAsync (E:\Ongoing\V2\mom-backend\node_modules\google-auth-library\build\src\auth\oauth2client.js:158:21)
    at async Object.createGMeeting (E:\Ongoing\V2\mom-backend\services\googleService.js:123:22)
    at async createGMeeting (E:\Ongoing\V2\mom-backend\controllers\meetingController.js:996:20)
Date: 13/02/2025, Time: 11:45
Error: invalid_grant
Stack Trace: Error: invalid_grant
    at Gaxios._request (E:\Ongoing\V2\mom-backend\node_modules\gaxios\build\src\gaxios.js:142:23)
    at process.processTicksAndRejections (node:internal/process/task_queues:95:5)
    at async OAuth2Client.getTokenAsync (E:\Ongoing\V2\mom-backend\node_modules\google-auth-library\build\src\auth\oauth2client.js:158:21)
    at async Object.createGMeeting (E:\Ongoing\V2\mom-backend\services\googleService.js:123:22)
    at async createGMeeting (E:\Ongoing\V2\mom-backend\controllers\meetingController.js:996:20)
Date: 13/02/2025, Time: 11:46
Error: No access, refresh token, API key or refresh handler callback is set.
Stack Trace: Error: No access, refresh token, API key or refresh handler callback is set.
    at OAuth2Client.getRequestMetadataAsync (E:\Ongoing\V2\mom-backend\node_modules\google-auth-library\build\src\auth\oauth2client.js:307:19)
    at OAuth2Client.requestAsync (E:\Ongoing\V2\mom-backend\node_modules\google-auth-library\build\src\auth\oauth2client.js:418:34)
    at OAuth2Client.request (E:\Ongoing\V2\mom-backend\node_modules\google-auth-library\build\src\auth\oauth2client.js:412:25)
    at createAPIRequestAsync (E:\Ongoing\V2\mom-backend\node_modules\googleapis-common\build\src\apirequest.js:303:31)
    at createAPIRequest (E:\Ongoing\V2\mom-backend\node_modules\googleapis-common\build\src\apirequest.js:52:16)
    at Resource$Events.insert (E:\Ongoing\V2\mom-backend\node_modules\googleapis\build\src\apis\calendar\v3.js:895:65)
    at Object.createGMeeting (E:\Ongoing\V2\mom-backend\services\googleService.js:177:42)
    at process.processTicksAndRejections (node:internal/process/task_queues:95:5)
    at async createGMeeting (E:\Ongoing\V2\mom-backend\controllers\meetingController.js:996:20)
Date: 13/02/2025, Time: 11:48
Error: invalid_grant
Stack Trace: Error: invalid_grant
    at Gaxios._request (E:\Ongoing\V2\mom-backend\node_modules\gaxios\build\src\gaxios.js:142:23)
    at process.processTicksAndRejections (node:internal/process/task_queues:95:5)
    at async OAuth2Client.getTokenAsync (E:\Ongoing\V2\mom-backend\node_modules\google-auth-library\build\src\auth\oauth2client.js:158:21)
    at async Object.createGMeeting (E:\Ongoing\V2\mom-backend\services\googleService.js:122:22)
    at async createGMeeting (E:\Ongoing\V2\mom-backend\controllers\meetingController.js:996:20)
Date: 13/02/2025, Time: 11:52
Error: MMM is not defined
Stack Trace: ReferenceError: MMM is not defined
    at Object.createGMeeting (E:\Ongoing\V2\mom-backend\services\googleService.js:132:3)
    at process.processTicksAndRejections (node:internal/process/task_queues:95:5)
    at async createGMeeting (E:\Ongoing\V2\mom-backend\controllers\meetingController.js:996:20)
Date: 13/02/2025, Time: 11:52
Error: meetingHostDetails validation failed: meetingDateTime: Path `meetingDateTime` is required.
Stack Trace: ValidationError: meetingHostDetails validation failed: meetingDateTime: Path `meetingDateTime` is required.
    at Document.invalidate (E:\Ongoing\V2\mom-backend\node_modules\mongoose\lib\document.js:3312:32)
    at E:\Ongoing\V2\mom-backend\node_modules\mongoose\lib\document.js:3073:17
    at E:\Ongoing\V2\mom-backend\node_modules\mongoose\lib\schemaType.js:1388:9
    at process.processTicksAndRejections (node:internal/process/task_queues:77:11)
Date: 13/02/2025, Time: 12:09
Error: Bad Request
Stack Trace: Error: Bad Request
    at Gaxios._request (E:\Ongoing\V2\mom-backend\node_modules\gaxios\build\src\gaxios.js:142:23)
    at process.processTicksAndRejections (node:internal/process/task_queues:95:5)
    at async OAuth2Client.requestAsync (E:\Ongoing\V2\mom-backend\node_modules\google-auth-library\build\src\auth\oauth2client.js:429:18)
    at async Object.createGMeetingMOM (E:\Ongoing\V2\mom-backend\services\googleService.js:293:20)
    at async Object.updateMeeting (E:\Ongoing\V2\mom-backend\services\meetingService.js:578:28)
    at async updateMeeting (E:\Ongoing\V2\mom-backend\controllers\meetingController.js:118:20)
Date: 13/02/2025, Time: 12:23
Error: hhhhhhhhhhhhhhhhhhhhhhhhhhhhhhhhhhhhhhhhhhhhhhhhh is not defined
Stack Trace: ReferenceError: hhhhhhhhhhhhhhhhhhhhhhhhhhhhhhhhhhhhhhhhhhhhhhhhh is not defined
    at Object.createGMeetingMOM (E:\Ongoing\V2\mom-backend\services\googleService.js:311:3)
    at process.processTicksAndRejections (node:internal/process/task_queues:95:5)
    at async Object.updateMeeting (E:\Ongoing\V2\mom-backend\services\meetingService.js:578:28)
    at async updateMeeting (E:\Ongoing\V2\mom-backend\controllers\meetingController.js:118:20)
Date: 13/02/2025, Time: 12:38
Error: Bad Request
Stack Trace: Error: Bad Request
    at Gaxios._request (E:\Ongoing\V2\mom-backend\node_modules\gaxios\build\src\gaxios.js:142:23)
    at process.processTicksAndRejections (node:internal/process/task_queues:95:5)
    at async OAuth2Client.requestAsync (E:\Ongoing\V2\mom-backend\node_modules\google-auth-library\build\src\auth\oauth2client.js:429:18)
    at async Object.createGMeetingMOM (E:\Ongoing\V2\mom-backend\services\googleService.js:303:20)
    at async Object.updateMeeting (E:\Ongoing\V2\mom-backend\services\meetingService.js:578:28)
    at async updateMeeting (E:\Ongoing\V2\mom-backend\controllers\meetingController.js:118:20)
Date: 13/02/2025, Time: 12:39
Error: hhhhhhhhhhhhhhhhhhhhhhhhhhhhhhhhhhhhhhhhhhhhhhhhh is not defined
Stack Trace: ReferenceError: hhhhhhhhhhhhhhhhhhhhhhhhhhhhhhhhhhhhhhhhhhhhhhhhh is not defined
    at Object.createGMeetingMOM (E:\Ongoing\V2\mom-backend\services\googleService.js:311:3)
    at process.processTicksAndRejections (node:internal/process/task_queues:95:5)
    at async Object.updateMeeting (E:\Ongoing\V2\mom-backend\services\meetingService.js:578:28)
    at async updateMeeting (E:\Ongoing\V2\mom-backend\controllers\meetingController.js:118:20)
Date: 13/02/2025, Time: 12:40
Error: hhhhhhhhhhhhhhhhhhhhhhhhhhhhhhhhhhhhhhhhhhhhhhhhh is not defined
Stack Trace: ReferenceError: hhhhhhhhhhhhhhhhhhhhhhhhhhhhhhhhhhhhhhhhhhhhhhhhh is not defined
    at Object.createGMeetingMOM (E:\Ongoing\V2\mom-backend\services\googleService.js:311:3)
    at process.processTicksAndRejections (node:internal/process/task_queues:95:5)
    at async Object.updateMeeting (E:\Ongoing\V2\mom-backend\services\meetingService.js:578:28)
    at async updateMeeting (E:\Ongoing\V2\mom-backend\controllers\meetingController.js:118:20)
Date: 13/02/2025, Time: 12:46
Error: date is not defined
Stack Trace: ReferenceError: date is not defined
    at Object.createGMeetingMOM (E:\Ongoing\V2\mom-backend\services\googleService.js:275:13)
    at Object.updateMeeting (E:\Ongoing\V2\mom-backend\services\meetingService.js:578:48)
    at process.processTicksAndRejections (node:internal/process/task_queues:95:5)
    at async updateMeeting (E:\Ongoing\V2\mom-backend\controllers\meetingController.js:118:20)
Date: 13/02/2025, Time: 12:46
Error: No refresh token is set.
Stack Trace: Error: No refresh token is set.
    at OAuth2Client.refreshTokenNoCache (E:\Ongoing\V2\mom-backend\node_modules\google-auth-library\build\src\auth\oauth2client.js:200:19)
    at OAuth2Client.refreshToken (E:\Ongoing\V2\mom-backend\node_modules\google-auth-library\build\src\auth\oauth2client.js:180:25)
    at OAuth2Client.getRequestMetadataAsync (E:\Ongoing\V2\mom-backend\node_modules\google-auth-library\build\src\auth\oauth2client.js:333:28)
    at OAuth2Client.requestAsync (E:\Ongoing\V2\mom-backend\node_modules\google-auth-library\build\src\auth\oauth2client.js:418:34)
    at OAuth2Client.request (E:\Ongoing\V2\mom-backend\node_modules\google-auth-library\build\src\auth\oauth2client.js:412:25)
    at createAPIRequestAsync (E:\Ongoing\V2\mom-backend\node_modules\googleapis-common\build\src\apirequest.js:303:31)
    at createAPIRequest (E:\Ongoing\V2\mom-backend\node_modules\googleapis-common\build\src\apirequest.js:52:16)
    at Resource$Events.insert (E:\Ongoing\V2\mom-backend\node_modules\googleapis\build\src\apis\calendar\v3.js:895:65)
    at Object.createGMeetingMOM (E:\Ongoing\V2\mom-backend\services\googleService.js:314:42)
    at process.processTicksAndRejections (node:internal/process/task_queues:95:5)
Date: 13/02/2025, Time: 12:47
Error: No refresh token is set.
Stack Trace: Error: No refresh token is set.
    at OAuth2Client.refreshTokenNoCache (E:\Ongoing\V2\mom-backend\node_modules\google-auth-library\build\src\auth\oauth2client.js:200:19)
    at OAuth2Client.refreshToken (E:\Ongoing\V2\mom-backend\node_modules\google-auth-library\build\src\auth\oauth2client.js:180:25)
    at OAuth2Client.getRequestMetadataAsync (E:\Ongoing\V2\mom-backend\node_modules\google-auth-library\build\src\auth\oauth2client.js:333:28)
    at OAuth2Client.requestAsync (E:\Ongoing\V2\mom-backend\node_modules\google-auth-library\build\src\auth\oauth2client.js:418:34)
    at OAuth2Client.request (E:\Ongoing\V2\mom-backend\node_modules\google-auth-library\build\src\auth\oauth2client.js:412:25)
    at createAPIRequestAsync (E:\Ongoing\V2\mom-backend\node_modules\googleapis-common\build\src\apirequest.js:303:31)
    at createAPIRequest (E:\Ongoing\V2\mom-backend\node_modules\googleapis-common\build\src\apirequest.js:52:16)
    at Resource$Events.insert (E:\Ongoing\V2\mom-backend\node_modules\googleapis\build\src\apis\calendar\v3.js:895:65)
    at Object.createGMeetingMOM (E:\Ongoing\V2\mom-backend\services\googleService.js:314:42)
    at process.processTicksAndRejections (node:internal/process/task_queues:95:5)
Date: 13/02/2025, Time: 12:48
Error: No refresh token is set.
Stack Trace: Error: No refresh token is set.
    at OAuth2Client.refreshTokenNoCache (E:\Ongoing\V2\mom-backend\node_modules\google-auth-library\build\src\auth\oauth2client.js:200:19)
    at OAuth2Client.refreshToken (E:\Ongoing\V2\mom-backend\node_modules\google-auth-library\build\src\auth\oauth2client.js:180:25)
    at OAuth2Client.getRequestMetadataAsync (E:\Ongoing\V2\mom-backend\node_modules\google-auth-library\build\src\auth\oauth2client.js:333:28)
    at OAuth2Client.requestAsync (E:\Ongoing\V2\mom-backend\node_modules\google-auth-library\build\src\auth\oauth2client.js:418:34)
    at OAuth2Client.request (E:\Ongoing\V2\mom-backend\node_modules\google-auth-library\build\src\auth\oauth2client.js:412:25)
    at createAPIRequestAsync (E:\Ongoing\V2\mom-backend\node_modules\googleapis-common\build\src\apirequest.js:303:31)
    at createAPIRequest (E:\Ongoing\V2\mom-backend\node_modules\googleapis-common\build\src\apirequest.js:52:16)
    at Resource$Events.insert (E:\Ongoing\V2\mom-backend\node_modules\googleapis\build\src\apis\calendar\v3.js:895:65)
    at Object.createGMeetingMOM (E:\Ongoing\V2\mom-backend\services\googleService.js:314:42)
    at process.processTicksAndRejections (node:internal/process/task_queues:95:5)
Date: 13/02/2025, Time: 12:50
Error: No access, refresh token, API key or refresh handler callback is set.
Stack Trace: Error: No access, refresh token, API key or refresh handler callback is set.
    at OAuth2Client.getRequestMetadataAsync (E:\Ongoing\V2\mom-backend\node_modules\google-auth-library\build\src\auth\oauth2client.js:307:19)
    at OAuth2Client.requestAsync (E:\Ongoing\V2\mom-backend\node_modules\google-auth-library\build\src\auth\oauth2client.js:418:34)
    at OAuth2Client.request (E:\Ongoing\V2\mom-backend\node_modules\google-auth-library\build\src\auth\oauth2client.js:412:25)
    at createAPIRequestAsync (E:\Ongoing\V2\mom-backend\node_modules\googleapis-common\build\src\apirequest.js:303:31)
    at createAPIRequest (E:\Ongoing\V2\mom-backend\node_modules\googleapis-common\build\src\apirequest.js:52:16)
    at Resource$Events.insert (E:\Ongoing\V2\mom-backend\node_modules\googleapis\build\src\apis\calendar\v3.js:895:65)
    at Object.createGMeetingMOM (E:\Ongoing\V2\mom-backend\services\googleService.js:314:42)
    at process.processTicksAndRejections (node:internal/process/task_queues:95:5)
    at async Object.updateMeeting (E:\Ongoing\V2\mom-backend\services\meetingService.js:578:28)
    at async updateMeeting (E:\Ongoing\V2\mom-backend\controllers\meetingController.js:118:20)
Date: 13/02/2025, Time: 12:53
Error: hhhhhhhhhhhhhhhhhhhhhhhhhhhhhhhhhhhhhhhhhhhhhhhhh is not defined
Stack Trace: ReferenceError: hhhhhhhhhhhhhhhhhhhhhhhhhhhhhhhhhhhhhhhhhhhhhhhhh is not defined
    at Object.createGMeetingMOM (E:\Ongoing\V2\mom-backend\services\googleService.js:326:3)
    at process.processTicksAndRejections (node:internal/process/task_queues:95:5)
    at async Object.updateMeeting (E:\Ongoing\V2\mom-backend\services\meetingService.js:578:28)
    at async updateMeeting (E:\Ongoing\V2\mom-backend\controllers\meetingController.js:118:20)
Date: 13/02/2025, Time: 12:55
Error: hhhhhhhhhhhhhhhhhhhhhhhhhhhhhhhhhhhhhhhhhhhhhhhhh is not defined
Stack Trace: ReferenceError: hhhhhhhhhhhhhhhhhhhhhhhhhhhhhhhhhhhhhhhhhhhhhhhhh is not defined
    at Object.createGMeetingMOM (E:\Ongoing\V2\mom-backend\services\googleService.js:329:3)
    at process.processTicksAndRejections (node:internal/process/task_queues:95:5)
    at async Object.updateMeeting (E:\Ongoing\V2\mom-backend\services\meetingService.js:578:28)
    at async updateMeeting (E:\Ongoing\V2\mom-backend\controllers\meetingController.js:118:20)
Date: 13/02/2025, Time: 12:57
Error: hhhhhhhhhhhhhhhhhhhhhhhhhhhhhhhhhhhhhhhhhhhhhhhhh is not defined
Stack Trace: ReferenceError: hhhhhhhhhhhhhhhhhhhhhhhhhhhhhhhhhhhhhhhhhhhhhhhhh is not defined
    at Object.createGMeetingMOM (E:\Ongoing\V2\mom-backend\services\googleService.js:329:3)
    at process.processTicksAndRejections (node:internal/process/task_queues:95:5)
    at async Object.updateMeeting (E:\Ongoing\V2\mom-backend\services\meetingService.js:578:28)
    at async updateMeeting (E:\Ongoing\V2\mom-backend\controllers\meetingController.js:118:20)
Date: 13/02/2025, Time: 12:58
Error: hhhhhhhhhhhhhhhhhhhhhhhhhhhhhhhhhhhhhhhhhhhhhhhhh is not defined
Stack Trace: ReferenceError: hhhhhhhhhhhhhhhhhhhhhhhhhhhhhhhhhhhhhhhhhhhhhhhhh is not defined
    at Object.createGMeetingMOM (E:\Ongoing\V2\mom-backend\services\googleService.js:330:3)
    at process.processTicksAndRejections (node:internal/process/task_queues:95:5)
    at async Object.updateMeeting (E:\Ongoing\V2\mom-backend\services\meetingService.js:578:28)
    at async updateMeeting (E:\Ongoing\V2\mom-backend\controllers\meetingController.js:118:20)
Date: 13/02/2025, Time: 13:01
Error: hhhhhhhhhhhhhhhhhhhhhhhhhhhhhhhhhhhhhhhhhhhhhhhhh is not defined
Stack Trace: ReferenceError: hhhhhhhhhhhhhhhhhhhhhhhhhhhhhhhhhhhhhhhhhhhhhhhhh is not defined
    at Object.createGMeetingMOM (E:\Ongoing\V2\mom-backend\services\googleService.js:335:3)
    at process.processTicksAndRejections (node:internal/process/task_queues:95:5)
    at async Object.updateMeeting (E:\Ongoing\V2\mom-backend\services\meetingService.js:578:28)
    at async updateMeeting (E:\Ongoing\V2\mom-backend\controllers\meetingController.js:118:20)
Date: 13/02/2025, Time: 13:02
Error: hhhhhhhhhhhhhhhhhhhhhhhhhhhhhhhhhhhhhhhhhhhhhhhhh is not defined
Stack Trace: ReferenceError: hhhhhhhhhhhhhhhhhhhhhhhhhhhhhhhhhhhhhhhhhhhhhhhhh is not defined
    at Object.createGMeetingMOM (E:\Ongoing\V2\mom-backend\services\googleService.js:335:3)
    at process.processTicksAndRejections (node:internal/process/task_queues:95:5)
    at async Object.updateMeeting (E:\Ongoing\V2\mom-backend\services\meetingService.js:578:28)
    at async updateMeeting (E:\Ongoing\V2\mom-backend\controllers\meetingController.js:118:20)
Date: 13/02/2025, Time: 13:08
Error: hhhhhhhhhhhhhhhhhhhhhhhhhhhhhhhhhhhhhhhhhhhhhhhhh is not defined
Stack Trace: ReferenceError: hhhhhhhhhhhhhhhhhhhhhhhhhhhhhhhhhhhhhhhhhhhhhhhhh is not defined
    at Object.createGMeetingMOM (E:\Ongoing\V2\mom-backend\services\googleService.js:335:3)
    at process.processTicksAndRejections (node:internal/process/task_queues:95:5)
    at async Object.updateMeeting (E:\Ongoing\V2\mom-backend\services\meetingService.js:578:28)
    at async updateMeeting (E:\Ongoing\V2\mom-backend\controllers\meetingController.js:118:20)
Date: 13/02/2025, Time: 13:11
Error: hhhhhhhhhhhhhhhhhhhhhhhhhhhhhhhhhhhhhhhhhhhhhhhhh is not defined
Stack Trace: ReferenceError: hhhhhhhhhhhhhhhhhhhhhhhhhhhhhhhhhhhhhhhhhhhhhhhhh is not defined
    at Object.createGMeetingMOM (E:\Ongoing\V2\mom-backend\services\googleService.js:335:3)
    at process.processTicksAndRejections (node:internal/process/task_queues:95:5)
    at async Object.updateMeeting (E:\Ongoing\V2\mom-backend\services\meetingService.js:578:28)
    at async updateMeeting (E:\Ongoing\V2\mom-backend\controllers\meetingController.js:118:20)
Date: 13/02/2025, Time: 13:12
Error: date.getHours is not a function
Stack Trace: TypeError: date.getHours is not a function
    at Object.combineDateAndTime (E:\Ongoing\V2\mom-backend\helpers\commonHelper.js:369:43)
    at Object.createGMeetingMOM (E:\Ongoing\V2\mom-backend\services\googleService.js:262:45)
    at Object.updateMeeting (E:\Ongoing\V2\mom-backend\services\meetingService.js:578:48)
    at process.processTicksAndRejections (node:internal/process/task_queues:95:5)
    at async updateMeeting (E:\Ongoing\V2\mom-backend\controllers\meetingController.js:118:20)
Date: 13/02/2025, Time: 13:13
Error: The specified time range is empty.
Stack Trace: Error: The specified time range is empty.
    at Gaxios._request (E:\Ongoing\V2\mom-backend\node_modules\gaxios\build\src\gaxios.js:142:23)
    at process.processTicksAndRejections (node:internal/process/task_queues:95:5)
    at async OAuth2Client.requestAsync (E:\Ongoing\V2\mom-backend\node_modules\google-auth-library\build\src\auth\oauth2client.js:429:18)
    at async Object.createGMeetingMOM (E:\Ongoing\V2\mom-backend\services\googleService.js:327:20)
    at async Object.updateMeeting (E:\Ongoing\V2\mom-backend\services\meetingService.js:578:28)
    at async updateMeeting (E:\Ongoing\V2\mom-backend\controllers\meetingController.js:118:20)
Date: 13/02/2025, Time: 13:14
Error: oooooooooooooo is not defined
Stack Trace: ReferenceError: oooooooooooooo is not defined
    at Object.createGMeetingMOM (E:\Ongoing\V2\mom-backend\services\googleService.js:327:3)
    at Object.updateMeeting (E:\Ongoing\V2\mom-backend\services\meetingService.js:578:48)
    at process.processTicksAndRejections (node:internal/process/task_queues:95:5)
    at async updateMeeting (E:\Ongoing\V2\mom-backend\controllers\meetingController.js:118:20)
Date: 13/02/2025, Time: 13:16
Error: oooooooooooooo is not defined
Stack Trace: ReferenceError: oooooooooooooo is not defined
    at Object.createGMeetingMOM (E:\Ongoing\V2\mom-backend\services\googleService.js:327:3)
    at Object.updateMeeting (E:\Ongoing\V2\mom-backend\services\meetingService.js:578:48)
    at process.processTicksAndRejections (node:internal/process/task_queues:95:5)
    at async updateMeeting (E:\Ongoing\V2\mom-backend\controllers\meetingController.js:118:20)
Date: 13/02/2025, Time: 13:19
Error: date.getHours is not a function
Stack Trace: TypeError: date.getHours is not a function
    at Object.combineDateAndTime (E:\Ongoing\V2\mom-backend\helpers\commonHelper.js:371:43)
    at Object.createGMeetingMOM (E:\Ongoing\V2\mom-backend\services\googleService.js:262:45)
    at Object.updateMeeting (E:\Ongoing\V2\mom-backend\services\meetingService.js:578:48)
    at process.processTicksAndRejections (node:internal/process/task_queues:95:5)
    at async updateMeeting (E:\Ongoing\V2\mom-backend\controllers\meetingController.js:118:20)
Date: 13/02/2025, Time: 13:21
Error: date.getHours is not a function
Stack Trace: TypeError: date.getHours is not a function
    at Object.combineDateAndTime (E:\Ongoing\V2\mom-backend\helpers\commonHelper.js:377:22)
    at Object.createGMeetingMOM (E:\Ongoing\V2\mom-backend\services\googleService.js:262:45)
    at Object.updateMeeting (E:\Ongoing\V2\mom-backend\services\meetingService.js:578:48)
    at process.processTicksAndRejections (node:internal/process/task_queues:95:5)
    at async updateMeeting (E:\Ongoing\V2\mom-backend\controllers\meetingController.js:118:20)
Date: 13/02/2025, Time: 13:22
Error: oooooooooooooo is not defined
Stack Trace: ReferenceError: oooooooooooooo is not defined
    at Object.createGMeetingMOM (E:\Ongoing\V2\mom-backend\services\googleService.js:327:3)
    at Object.updateMeeting (E:\Ongoing\V2\mom-backend\services\meetingService.js:578:48)
    at process.processTicksAndRejections (node:internal/process/task_queues:95:5)
    at async updateMeeting (E:\Ongoing\V2\mom-backend\controllers\meetingController.js:118:20)
Date: 13/02/2025, Time: 13:24
Error: The specified time range is empty.
Stack Trace: Error: The specified time range is empty.
    at Gaxios._request (E:\Ongoing\V2\mom-backend\node_modules\gaxios\build\src\gaxios.js:142:23)
    at process.processTicksAndRejections (node:internal/process/task_queues:95:5)
    at async OAuth2Client.requestAsync (E:\Ongoing\V2\mom-backend\node_modules\google-auth-library\build\src\auth\oauth2client.js:429:18)
    at async Object.createGMeetingMOM (E:\Ongoing\V2\mom-backend\services\googleService.js:328:20)
    at async Object.updateMeeting (E:\Ongoing\V2\mom-backend\services\meetingService.js:578:28)
    at async updateMeeting (E:\Ongoing\V2\mom-backend\controllers\meetingController.js:118:20)
Date: 13/02/2025, Time: 13:27
Error: The specified time range is empty.
Stack Trace: Error: The specified time range is empty.
    at Gaxios._request (E:\Ongoing\V2\mom-backend\node_modules\gaxios\build\src\gaxios.js:142:23)
    at process.processTicksAndRejections (node:internal/process/task_queues:95:5)
    at async OAuth2Client.requestAsync (E:\Ongoing\V2\mom-backend\node_modules\google-auth-library\build\src\auth\oauth2client.js:429:18)
    at async Object.createGMeetingMOM (E:\Ongoing\V2\mom-backend\services\googleService.js:329:20)
    at async Object.updateMeeting (E:\Ongoing\V2\mom-backend\services\meetingService.js:578:28)
    at async updateMeeting (E:\Ongoing\V2\mom-backend\controllers\meetingController.js:118:20)
Date: 13/02/2025, Time: 13:28
Error: hhhhhhhhhhhhhhhhhhhhhhhhhhhhhhhhhhhhhhhhhhhhhhhhh is not defined
Stack Trace: ReferenceError: hhhhhhhhhhhhhhhhhhhhhhhhhhhhhhhhhhhhhhhhhhhhhhhhh is not defined
    at Object.createGMeetingMOM (E:\Ongoing\V2\mom-backend\services\googleService.js:337:3)
    at process.processTicksAndRejections (node:internal/process/task_queues:95:5)
    at async Object.updateMeeting (E:\Ongoing\V2\mom-backend\services\meetingService.js:578:28)
    at async updateMeeting (E:\Ongoing\V2\mom-backend\controllers\meetingController.js:118:20)
Date: 13/02/2025, Time: 14:20
Error: date.getHours is not a function
Stack Trace: TypeError: date.getHours is not a function
    at Object.combineDateAndTime (E:\Ongoing\V2\mom-backend\helpers\commonHelper.js:371:22)
    at Object.createGMeetingMOM (E:\Ongoing\V2\mom-backend\services\googleService.js:263:45)
    at Object.updateMeeting (E:\Ongoing\V2\mom-backend\services\meetingService.js:578:48)
    at process.processTicksAndRejections (node:internal/process/task_queues:95:5)
    at async updateMeeting (E:\Ongoing\V2\mom-backend\controllers\meetingController.js:118:20)
Date: 13/02/2025, Time: 14:21
Error: LLLLLLLLL is not defined
Stack Trace: ReferenceError: LLLLLLLLL is not defined
    at Object.createGMeetingMOM (E:\Ongoing\V2\mom-backend\services\googleService.js:328:1)
    at process.processTicksAndRejections (node:internal/process/task_queues:95:5)
    at async Object.updateMeeting (E:\Ongoing\V2\mom-backend\services\meetingService.js:578:28)
    at async updateMeeting (E:\Ongoing\V2\mom-backend\controllers\meetingController.js:118:20)
Date: 13/02/2025, Time: 14:22
Error: No refresh token is set.
Stack Trace: Error: No refresh token is set.
    at OAuth2Client.refreshTokenNoCache (E:\Ongoing\V2\mom-backend\node_modules\google-auth-library\build\src\auth\oauth2client.js:200:19)
    at OAuth2Client.refreshToken (E:\Ongoing\V2\mom-backend\node_modules\google-auth-library\build\src\auth\oauth2client.js:180:25)
    at OAuth2Client.getRequestMetadataAsync (E:\Ongoing\V2\mom-backend\node_modules\google-auth-library\build\src\auth\oauth2client.js:333:28)
    at OAuth2Client.requestAsync (E:\Ongoing\V2\mom-backend\node_modules\google-auth-library\build\src\auth\oauth2client.js:418:34)
    at OAuth2Client.request (E:\Ongoing\V2\mom-backend\node_modules\google-auth-library\build\src\auth\oauth2client.js:412:25)
    at createAPIRequestAsync (E:\Ongoing\V2\mom-backend\node_modules\googleapis-common\build\src\apirequest.js:303:31)
    at createAPIRequest (E:\Ongoing\V2\mom-backend\node_modules\googleapis-common\build\src\apirequest.js:52:16)
    at Resource$Events.insert (E:\Ongoing\V2\mom-backend\node_modules\googleapis\build\src\apis\calendar\v3.js:895:65)
    at Object.createGMeetingMOM (E:\Ongoing\V2\mom-backend\services\googleService.js:329:42)
    at process.processTicksAndRejections (node:internal/process/task_queues:95:5)
Date: 13/02/2025, Time: 14:23
Error: No refresh token is set.
Stack Trace: Error: No refresh token is set.
    at OAuth2Client.refreshTokenNoCache (E:\Ongoing\V2\mom-backend\node_modules\google-auth-library\build\src\auth\oauth2client.js:200:19)
    at OAuth2Client.refreshToken (E:\Ongoing\V2\mom-backend\node_modules\google-auth-library\build\src\auth\oauth2client.js:180:25)
    at OAuth2Client.getRequestMetadataAsync (E:\Ongoing\V2\mom-backend\node_modules\google-auth-library\build\src\auth\oauth2client.js:333:28)
    at OAuth2Client.requestAsync (E:\Ongoing\V2\mom-backend\node_modules\google-auth-library\build\src\auth\oauth2client.js:418:34)
    at OAuth2Client.request (E:\Ongoing\V2\mom-backend\node_modules\google-auth-library\build\src\auth\oauth2client.js:412:25)
    at createAPIRequestAsync (E:\Ongoing\V2\mom-backend\node_modules\googleapis-common\build\src\apirequest.js:303:31)
    at createAPIRequest (E:\Ongoing\V2\mom-backend\node_modules\googleapis-common\build\src\apirequest.js:52:16)
    at Resource$Events.insert (E:\Ongoing\V2\mom-backend\node_modules\googleapis\build\src\apis\calendar\v3.js:895:65)
    at Object.createGMeeting (E:\Ongoing\V2\mom-backend\services\googleService.js:188:42)
    at process.processTicksAndRejections (node:internal/process/task_queues:95:5)
Date: 13/02/2025, Time: 14:24
Error: No refresh token is set.
Stack Trace: Error: No refresh token is set.
    at OAuth2Client.refreshTokenNoCache (E:\Ongoing\V2\mom-backend\node_modules\google-auth-library\build\src\auth\oauth2client.js:200:19)
    at OAuth2Client.refreshToken (E:\Ongoing\V2\mom-backend\node_modules\google-auth-library\build\src\auth\oauth2client.js:180:25)
    at OAuth2Client.getRequestMetadataAsync (E:\Ongoing\V2\mom-backend\node_modules\google-auth-library\build\src\auth\oauth2client.js:333:28)
    at OAuth2Client.requestAsync (E:\Ongoing\V2\mom-backend\node_modules\google-auth-library\build\src\auth\oauth2client.js:418:34)
    at OAuth2Client.request (E:\Ongoing\V2\mom-backend\node_modules\google-auth-library\build\src\auth\oauth2client.js:412:25)
    at createAPIRequestAsync (E:\Ongoing\V2\mom-backend\node_modules\googleapis-common\build\src\apirequest.js:303:31)
    at createAPIRequest (E:\Ongoing\V2\mom-backend\node_modules\googleapis-common\build\src\apirequest.js:52:16)
    at Resource$Events.insert (E:\Ongoing\V2\mom-backend\node_modules\googleapis\build\src\apis\calendar\v3.js:895:65)
    at Object.createGMeetingMOM (E:\Ongoing\V2\mom-backend\services\googleService.js:333:42)
    at process.processTicksAndRejections (node:internal/process/task_queues:95:5)
Date: 13/02/2025, Time: 14:31
Error: No access, refresh token, API key or refresh handler callback is set.
Stack Trace: Error: No access, refresh token, API key or refresh handler callback is set.
    at OAuth2Client.getRequestMetadataAsync (E:\Ongoing\V2\mom-backend\node_modules\google-auth-library\build\src\auth\oauth2client.js:307:19)
    at OAuth2Client.requestAsync (E:\Ongoing\V2\mom-backend\node_modules\google-auth-library\build\src\auth\oauth2client.js:418:34)
    at OAuth2Client.request (E:\Ongoing\V2\mom-backend\node_modules\google-auth-library\build\src\auth\oauth2client.js:412:25)
    at createAPIRequestAsync (E:\Ongoing\V2\mom-backend\node_modules\googleapis-common\build\src\apirequest.js:303:31)
    at createAPIRequest (E:\Ongoing\V2\mom-backend\node_modules\googleapis-common\build\src\apirequest.js:52:16)
    at Resource$Events.insert (E:\Ongoing\V2\mom-backend\node_modules\googleapis\build\src\apis\calendar\v3.js:895:65)
    at Object.createGMeeting (E:\Ongoing\V2\mom-backend\services\googleService.js:188:42)
    at process.processTicksAndRejections (node:internal/process/task_queues:95:5)
    at async createGMeeting (E:\Ongoing\V2\mom-backend\controllers\meetingController.js:996:20)
Date: 13/02/2025, Time: 14:33
Error: hhhhhhhhhhhhhhhhhhhhhhhhhhhhhhhhhhhhhhhhhhhhhhhhh is not defined
Stack Trace: ReferenceError: hhhhhhhhhhhhhhhhhhhhhhhhhhhhhhhhhhhhhhhhhhhhhhhhh is not defined
    at Object.createGMeetingMOM (E:\Ongoing\V2\mom-backend\services\googleService.js:341:3)
    at process.processTicksAndRejections (node:internal/process/task_queues:95:5)
    at async Object.updateMeeting (E:\Ongoing\V2\mom-backend\services\meetingService.js:578:28)
    at async updateMeeting (E:\Ongoing\V2\mom-backend\controllers\meetingController.js:118:20)
Date: 13/02/2025, Time: 14:39
Error: invalid_grant
Stack Trace: Error: invalid_grant
    at Gaxios._request (E:\Ongoing\V2\mom-backend\node_modules\gaxios\build\src\gaxios.js:142:23)
    at process.processTicksAndRejections (node:internal/process/task_queues:95:5)
    at async OAuth2Client.getTokenAsync (E:\Ongoing\V2\mom-backend\node_modules\google-auth-library\build\src\auth\oauth2client.js:158:21)
    at async Object.createGMeeting (E:\Ongoing\V2\mom-backend\services\googleService.js:143:22)
    at async createGMeeting (E:\Ongoing\V2\mom-backend\controllers\meetingController.js:996:20)
Date: 13/02/2025, Time: 14:45
Error: invalid_grant
Stack Trace: Error: invalid_grant
    at Gaxios._request (E:\Ongoing\V2\mom-backend\node_modules\gaxios\build\src\gaxios.js:142:23)
    at process.processTicksAndRejections (node:internal/process/task_queues:95:5)
    at async OAuth2Client.getTokenAsync (E:\Ongoing\V2\mom-backend\node_modules\google-auth-library\build\src\auth\oauth2client.js:158:21)
    at async Object.createGMeeting (E:\Ongoing\V2\mom-backend\services\googleService.js:152:22)
    at async createGMeeting (E:\Ongoing\V2\mom-backend\controllers\meetingController.js:996:20)
Date: 13/02/2025, Time: 14:46
Error: No access, refresh token, API key or refresh handler callback is set.
Stack Trace: Error: No access, refresh token, API key or refresh handler callback is set.
    at OAuth2Client.getRequestMetadataAsync (E:\Ongoing\V2\mom-backend\node_modules\google-auth-library\build\src\auth\oauth2client.js:307:19)
    at OAuth2Client.requestAsync (E:\Ongoing\V2\mom-backend\node_modules\google-auth-library\build\src\auth\oauth2client.js:418:34)
    at OAuth2Client.request (E:\Ongoing\V2\mom-backend\node_modules\google-auth-library\build\src\auth\oauth2client.js:412:25)
    at createAPIRequestAsync (E:\Ongoing\V2\mom-backend\node_modules\googleapis-common\build\src\apirequest.js:303:31)
    at createAPIRequest (E:\Ongoing\V2\mom-backend\node_modules\googleapis-common\build\src\apirequest.js:52:16)
    at Resource$Events.insert (E:\Ongoing\V2\mom-backend\node_modules\googleapis\build\src\apis\calendar\v3.js:895:65)
    at Object.createGMeeting (E:\Ongoing\V2\mom-backend\services\googleService.js:207:42)
    at process.processTicksAndRejections (node:internal/process/task_queues:95:5)
    at async createGMeeting (E:\Ongoing\V2\mom-backend\controllers\meetingController.js:996:20)
Date: 13/02/2025, Time: 14:54
Error: No access, refresh token, API key or refresh handler callback is set.
Stack Trace: Error: No access, refresh token, API key or refresh handler callback is set.
    at OAuth2Client.getRequestMetadataAsync (E:\Ongoing\V2\mom-backend\node_modules\google-auth-library\build\src\auth\oauth2client.js:307:19)
    at OAuth2Client.requestAsync (E:\Ongoing\V2\mom-backend\node_modules\google-auth-library\build\src\auth\oauth2client.js:418:34)
    at OAuth2Client.request (E:\Ongoing\V2\mom-backend\node_modules\google-auth-library\build\src\auth\oauth2client.js:412:25)
    at createAPIRequestAsync (E:\Ongoing\V2\mom-backend\node_modules\googleapis-common\build\src\apirequest.js:303:31)
    at createAPIRequest (E:\Ongoing\V2\mom-backend\node_modules\googleapis-common\build\src\apirequest.js:52:16)
    at Resource$Events.insert (E:\Ongoing\V2\mom-backend\node_modules\googleapis\build\src\apis\calendar\v3.js:895:65)
    at Object.createGMeeting (E:\Ongoing\V2\mom-backend\services\googleService.js:208:42)
    at process.processTicksAndRejections (node:internal/process/task_queues:95:5)
    at async createGMeeting (E:\Ongoing\V2\mom-backend\controllers\meetingController.js:996:20)
Date: 13/02/2025, Time: 14:58
Error: hhhhhhhhhhhhhhhhhhhhhhhhhhhhhhhhhhhhhhhhhhhhhhhhh is not defined
Stack Trace: ReferenceError: hhhhhhhhhhhhhhhhhhhhhhhhhhhhhhhhhhhhhhhhhhhhhhhhh is not defined
    at Object.createGMeetingMOM (E:\Ongoing\V2\mom-backend\services\googleService.js:361:3)
    at process.processTicksAndRejections (node:internal/process/task_queues:95:5)
    at async Object.updateMeeting (E:\Ongoing\V2\mom-backend\services\meetingService.js:578:28)
    at async updateMeeting (E:\Ongoing\V2\mom-backend\controllers\meetingController.js:118:20)
Date: 13/02/2025, Time: 15:00
Error: hhhhhhhhhhhhhhhhhhhhhhhhhhhhhhhhhhhhhhhhhhhhhhhhh is not defined
Stack Trace: ReferenceError: hhhhhhhhhhhhhhhhhhhhhhhhhhhhhhhhhhhhhhhhhhhhhhhhh is not defined
    at Object.createGMeetingMOM (E:\Ongoing\V2\mom-backend\services\googleService.js:361:3)
    at process.processTicksAndRejections (node:internal/process/task_queues:95:5)
    at async Object.updateMeeting (E:\Ongoing\V2\mom-backend\services\meetingService.js:578:28)
    at async updateMeeting (E:\Ongoing\V2\mom-backend\controllers\meetingController.js:118:20)
Date: 13/02/2025, Time: 15:03
Error: hhhhhhhhhhhhhhhhhhhhhhhhhhhhhhhhhhhhhhhhhhhhhhhhh is not defined
Stack Trace: ReferenceError: hhhhhhhhhhhhhhhhhhhhhhhhhhhhhhhhhhhhhhhhhhhhhhhhh is not defined
    at Object.createGMeetingMOM (E:\Ongoing\V2\mom-backend\services\googleService.js:361:3)
    at process.processTicksAndRejections (node:internal/process/task_queues:95:5)
    at async Object.updateMeeting (E:\Ongoing\V2\mom-backend\services\meetingService.js:578:28)
    at async updateMeeting (E:\Ongoing\V2\mom-backend\controllers\meetingController.js:118:20)
Date: 13/02/2025, Time: 17:19
Error: "gclientId" is required
Stack Trace: ValidationError: "gclientId" is required
Date: 13/02/2025, Time: 17:19
Error: "gclientId" is required
Stack Trace: ValidationError: "gclientId" is required
Date: 13/02/2025, Time: 17:25
Error: "gaccountId" is required
Stack Trace: ValidationError: "gaccountId" is required
Date: 13/02/2025, Time: 17:25
Error: "gaccountId" is required
Stack Trace: ValidationError: "gaccountId" is required
Date: 13/02/2025, Time: 17:25
Error: "gaccountId" is required
Stack Trace: ValidationError: "gaccountId" is required
Date: 13/02/2025, Time: 17:26
Error: "gaccountId" is required
Stack Trace: ValidationError: "gaccountId" is required
Date: 13/02/2025, Time: 17:27
Error: "gaccountId" is required
Stack Trace: ValidationError: "gaccountId" is required
Date: 13/02/2025, Time: 17:27
Error: "gaccountId" is required
Stack Trace: ValidationError: "gaccountId" is required
Date: 13/02/2025, Time: 17:27
Error: "gaccountId" is required
Stack Trace: ValidationError: "gaccountId" is required
Date: 13/02/2025, Time: 17:29
Error: "gaccountId" is required
Stack Trace: ValidationError: "gaccountId" is required
Date: 15/02/2025, Time: 12:25
Error: "headers.authorization" is required
Stack Trace: ValidationError: "headers.authorization" is required
Date: 15/02/2025, Time: 12:27
Error: ObjectId is not defined
Stack Trace: ReferenceError: ObjectId is not defined
    at Object.googleMeetAuthUrl (E:\Ongoing\V2\mom-backend\services\googleService.js:369:27)
    at googleMeetAuthUrl (E:\Ongoing\V2\mom-backend\controllers\hostingController.js:141:41)
    at Layer.handle [as handle_request] (E:\Ongoing\V2\mom-backend\node_modules\express\lib\router\layer.js:95:5)
    at next (E:\Ongoing\V2\mom-backend\node_modules\express\lib\router\route.js:149:13)
    at verifyUserToken (E:\Ongoing\V2\mom-backend\middlewares\authMiddleware.js:29:7)
    at process.processTicksAndRejections (node:internal/process/task_queues:95:5)
Date: 15/02/2025, Time: 12:28
Error: result is not defined
Stack Trace: ReferenceError: result is not defined
    at googleMeetAuthUrl (E:\Ongoing\V2\mom-backend\controllers\hostingController.js:155:7)
    at process.processTicksAndRejections (node:internal/process/task_queues:95:5)
Date: 15/02/2025, Time: 12:32
Error: No access, refresh token, API key or refresh handler callback is set.
Stack Trace: Error: No access, refresh token, API key or refresh handler callback is set.
    at OAuth2Client.getRequestMetadataAsync (E:\Ongoing\V2\mom-backend\node_modules\google-auth-library\build\src\auth\oauth2client.js:307:19)
    at OAuth2Client.requestAsync (E:\Ongoing\V2\mom-backend\node_modules\google-auth-library\build\src\auth\oauth2client.js:418:34)
    at OAuth2Client.request (E:\Ongoing\V2\mom-backend\node_modules\google-auth-library\build\src\auth\oauth2client.js:412:25)
    at createAPIRequestAsync (E:\Ongoing\V2\mom-backend\node_modules\googleapis-common\build\src\apirequest.js:303:31)
    at createAPIRequest (E:\Ongoing\V2\mom-backend\node_modules\googleapis-common\build\src\apirequest.js:52:16)
    at Resource$Events.insert (E:\Ongoing\V2\mom-backend\node_modules\googleapis\build\src\apis\calendar\v3.js:895:65)
    at Object.createGMeeting (E:\Ongoing\V2\mom-backend\services\googleService.js:211:42)
    at process.processTicksAndRejections (node:internal/process/task_queues:95:5)
    at async createGMeeting (E:\Ongoing\V2\mom-backend\controllers\meetingController.js:996:20)
Date: 15/02/2025, Time: 12:32
Error: No access, refresh token, API key or refresh handler callback is set.
Stack Trace: Error: No access, refresh token, API key or refresh handler callback is set.
    at OAuth2Client.getRequestMetadataAsync (E:\Ongoing\V2\mom-backend\node_modules\google-auth-library\build\src\auth\oauth2client.js:307:19)
    at OAuth2Client.requestAsync (E:\Ongoing\V2\mom-backend\node_modules\google-auth-library\build\src\auth\oauth2client.js:418:34)
    at OAuth2Client.request (E:\Ongoing\V2\mom-backend\node_modules\google-auth-library\build\src\auth\oauth2client.js:412:25)
    at createAPIRequestAsync (E:\Ongoing\V2\mom-backend\node_modules\googleapis-common\build\src\apirequest.js:303:31)
    at createAPIRequest (E:\Ongoing\V2\mom-backend\node_modules\googleapis-common\build\src\apirequest.js:52:16)
    at Resource$Events.insert (E:\Ongoing\V2\mom-backend\node_modules\googleapis\build\src\apis\calendar\v3.js:895:65)
    at Object.createGMeeting (E:\Ongoing\V2\mom-backend\services\googleService.js:211:42)
    at process.processTicksAndRejections (node:internal/process/task_queues:95:5)
    at async createGMeeting (E:\Ongoing\V2\mom-backend\controllers\meetingController.js:996:20)
Date: 15/02/2025, Time: 12:35
Error: No access, refresh token, API key or refresh handler callback is set.
Stack Trace: Error: No access, refresh token, API key or refresh handler callback is set.
    at OAuth2Client.getRequestMetadataAsync (E:\Ongoing\V2\mom-backend\node_modules\google-auth-library\build\src\auth\oauth2client.js:307:19)
    at OAuth2Client.requestAsync (E:\Ongoing\V2\mom-backend\node_modules\google-auth-library\build\src\auth\oauth2client.js:418:34)
    at OAuth2Client.request (E:\Ongoing\V2\mom-backend\node_modules\google-auth-library\build\src\auth\oauth2client.js:412:25)
    at createAPIRequestAsync (E:\Ongoing\V2\mom-backend\node_modules\googleapis-common\build\src\apirequest.js:303:31)
    at createAPIRequest (E:\Ongoing\V2\mom-backend\node_modules\googleapis-common\build\src\apirequest.js:52:16)
    at Resource$Events.insert (E:\Ongoing\V2\mom-backend\node_modules\googleapis\build\src\apis\calendar\v3.js:895:65)
    at Object.createGMeeting (E:\Ongoing\V2\mom-backend\services\googleService.js:211:42)
    at process.processTicksAndRejections (node:internal/process/task_queues:95:5)
    at async createGMeeting (E:\Ongoing\V2\mom-backend\controllers\meetingController.js:996:20)
Date: 15/02/2025, Time: 12:41
Error: No access, refresh token, API key or refresh handler callback is set.
Stack Trace: Error: No access, refresh token, API key or refresh handler callback is set.
    at OAuth2Client.getRequestMetadataAsync (E:\Ongoing\V2\mom-backend\node_modules\google-auth-library\build\src\auth\oauth2client.js:307:19)
    at OAuth2Client.requestAsync (E:\Ongoing\V2\mom-backend\node_modules\google-auth-library\build\src\auth\oauth2client.js:418:34)
    at OAuth2Client.request (E:\Ongoing\V2\mom-backend\node_modules\google-auth-library\build\src\auth\oauth2client.js:412:25)
    at createAPIRequestAsync (E:\Ongoing\V2\mom-backend\node_modules\googleapis-common\build\src\apirequest.js:303:31)
    at createAPIRequest (E:\Ongoing\V2\mom-backend\node_modules\googleapis-common\build\src\apirequest.js:52:16)
    at Resource$Events.insert (E:\Ongoing\V2\mom-backend\node_modules\googleapis\build\src\apis\calendar\v3.js:895:65)
    at Object.createGMeeting (E:\Ongoing\V2\mom-backend\services\googleService.js:211:42)
    at process.processTicksAndRejections (node:internal/process/task_queues:95:5)
    at async createGMeeting (E:\Ongoing\V2\mom-backend\controllers\meetingController.js:996:20)
Date: 15/02/2025, Time: 12:42
Error: No access, refresh token, API key or refresh handler callback is set.
Stack Trace: Error: No access, refresh token, API key or refresh handler callback is set.
    at OAuth2Client.getRequestMetadataAsync (E:\Ongoing\V2\mom-backend\node_modules\google-auth-library\build\src\auth\oauth2client.js:307:19)
    at OAuth2Client.requestAsync (E:\Ongoing\V2\mom-backend\node_modules\google-auth-library\build\src\auth\oauth2client.js:418:34)
    at OAuth2Client.request (E:\Ongoing\V2\mom-backend\node_modules\google-auth-library\build\src\auth\oauth2client.js:412:25)
    at createAPIRequestAsync (E:\Ongoing\V2\mom-backend\node_modules\googleapis-common\build\src\apirequest.js:303:31)
    at createAPIRequest (E:\Ongoing\V2\mom-backend\node_modules\googleapis-common\build\src\apirequest.js:52:16)
    at Resource$Events.insert (E:\Ongoing\V2\mom-backend\node_modules\googleapis\build\src\apis\calendar\v3.js:895:65)
    at Object.createGMeeting (E:\Ongoing\V2\mom-backend\services\googleService.js:211:42)
    at process.processTicksAndRejections (node:internal/process/task_queues:95:5)
    at async createGMeeting (E:\Ongoing\V2\mom-backend\controllers\meetingController.js:996:20)
Date: 15/02/2025, Time: 12:43
Error: No access, refresh token, API key or refresh handler callback is set.
Stack Trace: Error: No access, refresh token, API key or refresh handler callback is set.
    at OAuth2Client.getRequestMetadataAsync (E:\Ongoing\V2\mom-backend\node_modules\google-auth-library\build\src\auth\oauth2client.js:307:19)
    at OAuth2Client.requestAsync (E:\Ongoing\V2\mom-backend\node_modules\google-auth-library\build\src\auth\oauth2client.js:418:34)
    at OAuth2Client.request (E:\Ongoing\V2\mom-backend\node_modules\google-auth-library\build\src\auth\oauth2client.js:412:25)
    at createAPIRequestAsync (E:\Ongoing\V2\mom-backend\node_modules\googleapis-common\build\src\apirequest.js:303:31)
    at createAPIRequest (E:\Ongoing\V2\mom-backend\node_modules\googleapis-common\build\src\apirequest.js:52:16)
    at Resource$Events.insert (E:\Ongoing\V2\mom-backend\node_modules\googleapis\build\src\apis\calendar\v3.js:895:65)
    at Object.createGMeeting (E:\Ongoing\V2\mom-backend\services\googleService.js:211:42)
    at process.processTicksAndRejections (node:internal/process/task_queues:95:5)
    at async createGMeeting (E:\Ongoing\V2\mom-backend\controllers\meetingController.js:996:20)
Date: 15/02/2025, Time: 12:45
Error: No access, refresh token, API key or refresh handler callback is set.
Stack Trace: Error: No access, refresh token, API key or refresh handler callback is set.
    at OAuth2Client.getRequestMetadataAsync (E:\Ongoing\V2\mom-backend\node_modules\google-auth-library\build\src\auth\oauth2client.js:307:19)
    at OAuth2Client.requestAsync (E:\Ongoing\V2\mom-backend\node_modules\google-auth-library\build\src\auth\oauth2client.js:418:34)
    at OAuth2Client.request (E:\Ongoing\V2\mom-backend\node_modules\google-auth-library\build\src\auth\oauth2client.js:412:25)
    at createAPIRequestAsync (E:\Ongoing\V2\mom-backend\node_modules\googleapis-common\build\src\apirequest.js:303:31)
    at createAPIRequest (E:\Ongoing\V2\mom-backend\node_modules\googleapis-common\build\src\apirequest.js:52:16)
    at Resource$Events.insert (E:\Ongoing\V2\mom-backend\node_modules\googleapis\build\src\apis\calendar\v3.js:895:65)
    at Object.createGMeeting (E:\Ongoing\V2\mom-backend\services\googleService.js:213:42)
    at process.processTicksAndRejections (node:internal/process/task_queues:95:5)
    at async createGMeeting (E:\Ongoing\V2\mom-backend\controllers\meetingController.js:996:20)
Date: 15/02/2025, Time: 12:46
Error: No access, refresh token, API key or refresh handler callback is set.
Stack Trace: Error: No access, refresh token, API key or refresh handler callback is set.
    at OAuth2Client.getRequestMetadataAsync (E:\Ongoing\V2\mom-backend\node_modules\google-auth-library\build\src\auth\oauth2client.js:307:19)
    at OAuth2Client.requestAsync (E:\Ongoing\V2\mom-backend\node_modules\google-auth-library\build\src\auth\oauth2client.js:418:34)
    at OAuth2Client.request (E:\Ongoing\V2\mom-backend\node_modules\google-auth-library\build\src\auth\oauth2client.js:412:25)
    at createAPIRequestAsync (E:\Ongoing\V2\mom-backend\node_modules\googleapis-common\build\src\apirequest.js:303:31)
    at createAPIRequest (E:\Ongoing\V2\mom-backend\node_modules\googleapis-common\build\src\apirequest.js:52:16)
    at Resource$Events.insert (E:\Ongoing\V2\mom-backend\node_modules\googleapis\build\src\apis\calendar\v3.js:895:65)
    at Object.createGMeeting (E:\Ongoing\V2\mom-backend\services\googleService.js:213:42)
    at process.processTicksAndRejections (node:internal/process/task_queues:95:5)
    at async createGMeeting (E:\Ongoing\V2\mom-backend\controllers\meetingController.js:996:20)
Date: 15/02/2025, Time: 12:49
Error: gggggg is not defined
Stack Trace: ReferenceError: gggggg is not defined
    at Object.googleMeetAuthUrl (E:\Ongoing\V2\mom-backend\services\googleService.js:376:1)
    at process.processTicksAndRejections (node:internal/process/task_queues:95:5)
    at async googleMeetAuthUrl (E:\Ongoing\V2\mom-backend\controllers\hostingController.js:141:21)
Date: 15/02/2025, Time: 12:50
Error: gggggg is not defined
Stack Trace: ReferenceError: gggggg is not defined
    at Object.googleMeetAuthUrl (E:\Ongoing\V2\mom-backend\services\googleService.js:376:1)
    at process.processTicksAndRejections (node:internal/process/task_queues:95:5)
    at async googleMeetAuthUrl (E:\Ongoing\V2\mom-backend\controllers\hostingController.js:141:21)
Date: 15/02/2025, Time: 12:50
Error: gggggg is not defined
Stack Trace: ReferenceError: gggggg is not defined
    at Object.googleMeetAuthUrl (E:\Ongoing\V2\mom-backend\services\googleService.js:376:1)
    at process.processTicksAndRejections (node:internal/process/task_queues:95:5)
    at async googleMeetAuthUrl (E:\Ongoing\V2\mom-backend\controllers\hostingController.js:141:21)
Date: 15/02/2025, Time: 14:45
Error: invalid_client
Stack Trace: Error: invalid_client
    at Gaxios._request (E:\Ongoing\V2\mom-backend\node_modules\gaxios\build\src\gaxios.js:142:23)
    at process.processTicksAndRejections (node:internal/process/task_queues:95:5)
    at async OAuth2Client.getTokenAsync (E:\Ongoing\V2\mom-backend\node_modules\google-auth-library\build\src\auth\oauth2client.js:158:21)
    at async Object.getAccessTokens (E:\Ongoing\V2\mom-backend\services\googleService.js:411:22)
    at async getAccessToken (E:\Ongoing\V2\mom-backend\controllers\hostingController.js:184:20)
Date: 15/02/2025, Time: 14:46
Error: "organizationId" is required
Stack Trace: ValidationError: "organizationId" is required
Date: 15/02/2025, Time: 14:46
Error: invalid_client
Stack Trace: Error: invalid_client
    at Gaxios._request (E:\Ongoing\V2\mom-backend\node_modules\gaxios\build\src\gaxios.js:142:23)
    at process.processTicksAndRejections (node:internal/process/task_queues:95:5)
    at async OAuth2Client.getTokenAsync (E:\Ongoing\V2\mom-backend\node_modules\google-auth-library\build\src\auth\oauth2client.js:158:21)
    at async Object.getAccessTokens (E:\Ongoing\V2\mom-backend\services\googleService.js:411:22)
    at async getAccessToken (E:\Ongoing\V2\mom-backend\controllers\hostingController.js:184:20)
Date: 15/02/2025, Time: 14:46
Error: invalid_client
Stack Trace: Error: invalid_client
    at Gaxios._request (E:\Ongoing\V2\mom-backend\node_modules\gaxios\build\src\gaxios.js:142:23)
    at process.processTicksAndRejections (node:internal/process/task_queues:95:5)
    at async OAuth2Client.getTokenAsync (E:\Ongoing\V2\mom-backend\node_modules\google-auth-library\build\src\auth\oauth2client.js:158:21)
    at async Object.getAccessTokens (E:\Ongoing\V2\mom-backend\services\googleService.js:411:22)
    at async getAccessToken (E:\Ongoing\V2\mom-backend\controllers\hostingController.js:184:20)
Date: 15/02/2025, Time: 14:46
Error: "organizationId" is required
Stack Trace: ValidationError: "organizationId" is required
Date: 15/02/2025, Time: 14:50
Error: "organizationId" is required
Stack Trace: ValidationError: "organizationId" is required
Date: 15/02/2025, Time: 14:52
Error: "organizationId" is required
Stack Trace: ValidationError: "organizationId" is required
Date: 15/02/2025, Time: 14:53
Error: "organizationId" is required
Stack Trace: ValidationError: "organizationId" is required
Date: 15/02/2025, Time: 14:55
Error: saveToenInHostDetails is not defined
Stack Trace: ReferenceError: saveToenInHostDetails is not defined
    at Object.getAccessTokens (E:\Ongoing\V2\mom-backend\services\googleService.js:438:5)
    at process.processTicksAndRejections (node:internal/process/task_queues:95:5)
    at async getAccessToken (E:\Ongoing\V2\mom-backend\controllers\hostingController.js:184:20)
Date: 15/02/2025, Time: 14:55
Error: saveToenInHostDetails is not defined
Stack Trace: ReferenceError: saveToenInHostDetails is not defined
    at Object.getAccessTokens (E:\Ongoing\V2\mom-backend\services\googleService.js:438:5)
    at process.processTicksAndRejections (node:internal/process/task_queues:95:5)
    at async getAccessToken (E:\Ongoing\V2\mom-backend\controllers\hostingController.js:184:20)
Date: 15/02/2025, Time: 14:55
Error: saveToenInHostDetails is not defined
Stack Trace: ReferenceError: saveToenInHostDetails is not defined
    at Object.getAccessTokens (E:\Ongoing\V2\mom-backend\services\googleService.js:438:5)
    at process.processTicksAndRejections (node:internal/process/task_queues:95:5)
    at async getAccessToken (E:\Ongoing\V2\mom-backend\controllers\hostingController.js:184:20)
Date: 15/02/2025, Time: 14:55
Error: "organizationId" is required
Stack Trace: ValidationError: "organizationId" is required
Date: 15/02/2025, Time: 14:55
Error: "organizationId" is required
Stack Trace: ValidationError: "organizationId" is required
Date: 15/02/2025, Time: 14:56
Error: "organizationId" is required
Stack Trace: ValidationError: "organizationId" is required
Date: 15/02/2025, Time: 15:01
Error: "organizationId" is required
Stack Trace: ValidationError: "organizationId" is required
Date: 15/02/2025, Time: 15:02
Error: "organizationId" is required
Stack Trace: ValidationError: "organizationId" is required
Date: 15/02/2025, Time: 15:03
Error: "organizationId" is required
Stack Trace: ValidationError: "organizationId" is required
Date: 15/02/2025, Time: 15:03
Error: "organizationId" is required
Stack Trace: ValidationError: "organizationId" is required
Date: 15/02/2025, Time: 15:04
Error: "organizationId" is required
Stack Trace: ValidationError: "organizationId" is required
Date: 15/02/2025, Time: 15:04
Error: "organizationId" is required
Stack Trace: ValidationError: "organizationId" is required
Date: 15/02/2025, Time: 15:04
Error: invalid_grant
Stack Trace: Error: invalid_grant
    at Gaxios._request (E:\Ongoing\V2\mom-backend\node_modules\gaxios\build\src\gaxios.js:142:23)
    at process.processTicksAndRejections (node:internal/process/task_queues:95:5)
    at async OAuth2Client.getTokenAsync (E:\Ongoing\V2\mom-backend\node_modules\google-auth-library\build\src\auth\oauth2client.js:158:21)
    at async Object.getAccessTokens (E:\Ongoing\V2\mom-backend\services\googleService.js:420:24)
    at async getAccessToken (E:\Ongoing\V2\mom-backend\controllers\hostingController.js:184:20)
Date: 15/02/2025, Time: 15:06
Error: "organizationId" is required
Stack Trace: ValidationError: "organizationId" is required
Date: 15/02/2025, Time: 15:06
Error: "organizationId" is required
Stack Trace: ValidationError: "organizationId" is required
Date: 15/02/2025, Time: 15:07
Error: invalid_grant
Stack Trace: Error: invalid_grant
    at Gaxios._request (E:\Ongoing\V2\mom-backend\node_modules\gaxios\build\src\gaxios.js:142:23)
    at process.processTicksAndRejections (node:internal/process/task_queues:95:5)
    at async OAuth2Client.getTokenAsync (E:\Ongoing\V2\mom-backend\node_modules\google-auth-library\build\src\auth\oauth2client.js:158:21)
    at async Object.getAccessTokens (E:\Ongoing\V2\mom-backend\services\googleService.js:421:24)
    at async getAccessToken (E:\Ongoing\V2\mom-backend\controllers\hostingController.js:184:20)
Date: 15/02/2025, Time: 15:08
Error: "organizationId" is required
Stack Trace: ValidationError: "organizationId" is required
Date: 15/02/2025, Time: 15:09
Error: invalid_grant
Stack Trace: Error: invalid_grant
    at Gaxios._request (E:\Ongoing\V2\mom-backend\node_modules\gaxios\build\src\gaxios.js:142:23)
    at process.processTicksAndRejections (node:internal/process/task_queues:95:5)
    at async OAuth2Client.getTokenAsync (E:\Ongoing\V2\mom-backend\node_modules\google-auth-library\build\src\auth\oauth2client.js:158:21)
    at async Object.getAccessTokens (E:\Ongoing\V2\mom-backend\services\googleService.js:421:24)
    at async getAccessToken (E:\Ongoing\V2\mom-backend\controllers\hostingController.js:184:20)
Date: 15/02/2025, Time: 15:09
Error: invalid_grant
Stack Trace: Error: invalid_grant
    at Gaxios._request (E:\Ongoing\V2\mom-backend\node_modules\gaxios\build\src\gaxios.js:142:23)
    at process.processTicksAndRejections (node:internal/process/task_queues:95:5)
    at async OAuth2Client.getTokenAsync (E:\Ongoing\V2\mom-backend\node_modules\google-auth-library\build\src\auth\oauth2client.js:158:21)
    at async Object.getAccessTokens (E:\Ongoing\V2\mom-backend\services\googleService.js:421:24)
    at async getAccessToken (E:\Ongoing\V2\mom-backend\controllers\hostingController.js:184:20)
Date: 15/02/2025, Time: 15:09
Error: "organizationId" is required
Stack Trace: ValidationError: "organizationId" is required
Date: 15/02/2025, Time: 15:10
Error: invalid_grant
Stack Trace: Error: invalid_grant
    at Gaxios._request (E:\Ongoing\V2\mom-backend\node_modules\gaxios\build\src\gaxios.js:142:23)
    at process.processTicksAndRejections (node:internal/process/task_queues:95:5)
    at async OAuth2Client.getTokenAsync (E:\Ongoing\V2\mom-backend\node_modules\google-auth-library\build\src\auth\oauth2client.js:158:21)
    at async Object.getAccessTokens (E:\Ongoing\V2\mom-backend\services\googleService.js:421:24)
    at async getAccessToken (E:\Ongoing\V2\mom-backend\controllers\hostingController.js:184:20)
Date: 15/02/2025, Time: 15:10
Error: invalid_grant
Stack Trace: Error: invalid_grant
    at Gaxios._request (E:\Ongoing\V2\mom-backend\node_modules\gaxios\build\src\gaxios.js:142:23)
    at process.processTicksAndRejections (node:internal/process/task_queues:95:5)
    at async OAuth2Client.getTokenAsync (E:\Ongoing\V2\mom-backend\node_modules\google-auth-library\build\src\auth\oauth2client.js:158:21)
    at async Object.getAccessTokens (E:\Ongoing\V2\mom-backend\services\googleService.js:421:24)
    at async getAccessToken (E:\Ongoing\V2\mom-backend\controllers\hostingController.js:184:20)
Date: 15/02/2025, Time: 15:10
Error: invalid_grant
Stack Trace: Error: invalid_grant
    at Gaxios._request (E:\Ongoing\V2\mom-backend\node_modules\gaxios\build\src\gaxios.js:142:23)
    at process.processTicksAndRejections (node:internal/process/task_queues:95:5)
    at async OAuth2Client.getTokenAsync (E:\Ongoing\V2\mom-backend\node_modules\google-auth-library\build\src\auth\oauth2client.js:158:21)
    at async Object.getAccessTokens (E:\Ongoing\V2\mom-backend\services\googleService.js:421:24)
    at async getAccessToken (E:\Ongoing\V2\mom-backend\controllers\hostingController.js:184:20)
Date: 15/02/2025, Time: 15:10
Error: invalid_grant
Stack Trace: Error: invalid_grant
    at Gaxios._request (E:\Ongoing\V2\mom-backend\node_modules\gaxios\build\src\gaxios.js:142:23)
    at process.processTicksAndRejections (node:internal/process/task_queues:95:5)
    at async OAuth2Client.getTokenAsync (E:\Ongoing\V2\mom-backend\node_modules\google-auth-library\build\src\auth\oauth2client.js:158:21)
    at async Object.getAccessTokens (E:\Ongoing\V2\mom-backend\services\googleService.js:421:24)
    at async getAccessToken (E:\Ongoing\V2\mom-backend\controllers\hostingController.js:184:20)
Date: 15/02/2025, Time: 15:10
Error: invalid_grant
Stack Trace: Error: invalid_grant
    at Gaxios._request (E:\Ongoing\V2\mom-backend\node_modules\gaxios\build\src\gaxios.js:142:23)
    at process.processTicksAndRejections (node:internal/process/task_queues:95:5)
    at async OAuth2Client.getTokenAsync (E:\Ongoing\V2\mom-backend\node_modules\google-auth-library\build\src\auth\oauth2client.js:158:21)
    at async Object.getAccessTokens (E:\Ongoing\V2\mom-backend\services\googleService.js:421:24)
    at async getAccessToken (E:\Ongoing\V2\mom-backend\controllers\hostingController.js:184:20)
Date: 15/02/2025, Time: 15:11
Error: invalid_grant
Stack Trace: Error: invalid_grant
    at Gaxios._request (E:\Ongoing\V2\mom-backend\node_modules\gaxios\build\src\gaxios.js:142:23)
    at process.processTicksAndRejections (node:internal/process/task_queues:95:5)
    at async OAuth2Client.getTokenAsync (E:\Ongoing\V2\mom-backend\node_modules\google-auth-library\build\src\auth\oauth2client.js:158:21)
    at async Object.getAccessTokens (E:\Ongoing\V2\mom-backend\services\googleService.js:421:24)
    at async getAccessToken (E:\Ongoing\V2\mom-backend\controllers\hostingController.js:184:20)
Date: 15/02/2025, Time: 15:11
Error: invalid_grant
Stack Trace: Error: invalid_grant
    at Gaxios._request (E:\Ongoing\V2\mom-backend\node_modules\gaxios\build\src\gaxios.js:142:23)
    at process.processTicksAndRejections (node:internal/process/task_queues:95:5)
    at async OAuth2Client.getTokenAsync (E:\Ongoing\V2\mom-backend\node_modules\google-auth-library\build\src\auth\oauth2client.js:158:21)
    at async Object.getAccessTokens (E:\Ongoing\V2\mom-backend\services\googleService.js:421:24)
    at async getAccessToken (E:\Ongoing\V2\mom-backend\controllers\hostingController.js:184:20)
Date: 15/02/2025, Time: 15:11
Error: invalid_grant
Stack Trace: Error: invalid_grant
    at Gaxios._request (E:\Ongoing\V2\mom-backend\node_modules\gaxios\build\src\gaxios.js:142:23)
    at process.processTicksAndRejections (node:internal/process/task_queues:95:5)
    at async OAuth2Client.getTokenAsync (E:\Ongoing\V2\mom-backend\node_modules\google-auth-library\build\src\auth\oauth2client.js:158:21)
    at async Object.getAccessTokens (E:\Ongoing\V2\mom-backend\services\googleService.js:421:24)
    at async getAccessToken (E:\Ongoing\V2\mom-backend\controllers\hostingController.js:184:20)
Date: 15/02/2025, Time: 15:14
Error: invalid_grant
Stack Trace: Error: invalid_grant
    at Gaxios._request (E:\Ongoing\V2\mom-backend\node_modules\gaxios\build\src\gaxios.js:142:23)
    at process.processTicksAndRejections (node:internal/process/task_queues:95:5)
    at async OAuth2Client.getTokenAsync (E:\Ongoing\V2\mom-backend\node_modules\google-auth-library\build\src\auth\oauth2client.js:158:21)
    at async Object.getAccessTokens (E:\Ongoing\V2\mom-backend\services\googleService.js:421:24)
    at async getAccessToken (E:\Ongoing\V2\mom-backend\controllers\hostingController.js:184:20)
Date: 15/02/2025, Time: 16:40
Error: invalid_grant
Stack Trace: Error: invalid_grant
    at Gaxios._request (E:\Ongoing\V2\mom-backend\node_modules\gaxios\build\src\gaxios.js:142:23)
    at process.processTicksAndRejections (node:internal/process/task_queues:95:5)
    at async OAuth2Client.getTokenAsync (E:\Ongoing\V2\mom-backend\node_modules\google-auth-library\build\src\auth\oauth2client.js:158:21)
    at async Object.getAccessTokens (E:\Ongoing\V2\mom-backend\services\googleService.js:421:24)
    at async getAccessToken (E:\Ongoing\V2\mom-backend\controllers\hostingController.js:184:20)
Date: 20/02/2025, Time: 10:22
Error: No access, refresh token, API key or refresh handler callback is set.
Stack Trace: Error: No access, refresh token, API key or refresh handler callback is set.
    at OAuth2Client.getRequestMetadataAsync (E:\Ongoing\V2\mom-backend\node_modules\google-auth-library\build\src\auth\oauth2client.js:307:19)
    at OAuth2Client.requestAsync (E:\Ongoing\V2\mom-backend\node_modules\google-auth-library\build\src\auth\oauth2client.js:418:34)
    at OAuth2Client.request (E:\Ongoing\V2\mom-backend\node_modules\google-auth-library\build\src\auth\oauth2client.js:412:25)
    at createAPIRequestAsync (E:\Ongoing\V2\mom-backend\node_modules\googleapis-common\build\src\apirequest.js:303:31)
    at createAPIRequest (E:\Ongoing\V2\mom-backend\node_modules\googleapis-common\build\src\apirequest.js:52:16)
    at Resource$Events.insert (E:\Ongoing\V2\mom-backend\node_modules\googleapis\build\src\apis\calendar\v3.js:895:65)
    at Object.createGMeetingMOM (E:\Ongoing\V2\mom-backend\services\googleService.js:357:42)
    at process.processTicksAndRejections (node:internal/process/task_queues:95:5)
    at async Object.updateMeeting (E:\Ongoing\V2\mom-backend\services\meetingService.js:578:28)
    at async updateMeeting (E:\Ongoing\V2\mom-backend\controllers\meetingController.js:118:20)
Date: 20/02/2025, Time: 10:26
Error: No access, refresh token, API key or refresh handler callback is set.
Stack Trace: Error: No access, refresh token, API key or refresh handler callback is set.
    at OAuth2Client.getRequestMetadataAsync (E:\Ongoing\V2\mom-backend\node_modules\google-auth-library\build\src\auth\oauth2client.js:307:19)
    at OAuth2Client.requestAsync (E:\Ongoing\V2\mom-backend\node_modules\google-auth-library\build\src\auth\oauth2client.js:418:34)
    at OAuth2Client.request (E:\Ongoing\V2\mom-backend\node_modules\google-auth-library\build\src\auth\oauth2client.js:412:25)
    at createAPIRequestAsync (E:\Ongoing\V2\mom-backend\node_modules\googleapis-common\build\src\apirequest.js:303:31)
    at createAPIRequest (E:\Ongoing\V2\mom-backend\node_modules\googleapis-common\build\src\apirequest.js:52:16)
    at Resource$Events.insert (E:\Ongoing\V2\mom-backend\node_modules\googleapis\build\src\apis\calendar\v3.js:895:65)
    at Object.createGMeetingMOM (E:\Ongoing\V2\mom-backend\services\googleService.js:357:42)
    at process.processTicksAndRejections (node:internal/process/task_queues:95:5)
    at async Object.updateMeeting (E:\Ongoing\V2\mom-backend\services\meetingService.js:578:28)
    at async updateMeeting (E:\Ongoing\V2\mom-backend\controllers\meetingController.js:118:20)
Date: 20/02/2025, Time: 10:28
Error: No access, refresh token, API key or refresh handler callback is set.
Stack Trace: Error: No access, refresh token, API key or refresh handler callback is set.
    at OAuth2Client.getRequestMetadataAsync (E:\Ongoing\V2\mom-backend\node_modules\google-auth-library\build\src\auth\oauth2client.js:307:19)
    at OAuth2Client.requestAsync (E:\Ongoing\V2\mom-backend\node_modules\google-auth-library\build\src\auth\oauth2client.js:418:34)
    at OAuth2Client.request (E:\Ongoing\V2\mom-backend\node_modules\google-auth-library\build\src\auth\oauth2client.js:412:25)
    at createAPIRequestAsync (E:\Ongoing\V2\mom-backend\node_modules\googleapis-common\build\src\apirequest.js:303:31)
    at createAPIRequest (E:\Ongoing\V2\mom-backend\node_modules\googleapis-common\build\src\apirequest.js:52:16)
    at Resource$Events.insert (E:\Ongoing\V2\mom-backend\node_modules\googleapis\build\src\apis\calendar\v3.js:895:65)
    at Object.createGMeetingMOM (E:\Ongoing\V2\mom-backend\services\googleService.js:357:42)
    at process.processTicksAndRejections (node:internal/process/task_queues:95:5)
    at async Object.updateMeeting (E:\Ongoing\V2\mom-backend\services\meetingService.js:578:28)
    at async updateMeeting (E:\Ongoing\V2\mom-backend\controllers\meetingController.js:118:20)
Date: 20/02/2025, Time: 10:39
Error: No refresh token is set.
Stack Trace: Error: No refresh token is set.
    at OAuth2Client.refreshTokenNoCache (E:\Ongoing\V2\mom-backend\node_modules\google-auth-library\build\src\auth\oauth2client.js:200:19)
    at OAuth2Client.refreshToken (E:\Ongoing\V2\mom-backend\node_modules\google-auth-library\build\src\auth\oauth2client.js:180:25)
    at OAuth2Client.refreshAccessTokenAsync (E:\Ongoing\V2\mom-backend\node_modules\google-auth-library\build\src\auth\oauth2client.js:247:30)
    at OAuth2Client.refreshAccessToken (E:\Ongoing\V2\mom-backend\node_modules\google-auth-library\build\src\auth\oauth2client.js:243:25)
    at authenticateData (E:\Ongoing\V2\mom-backend\services\googleService.js:439:49)
    at process.processTicksAndRejections (node:internal/process/task_queues:95:5)
    at async Object.createGMeetingMOM (E:\Ongoing\V2\mom-backend\services\googleService.js:320:16)
    at async Object.updateMeeting (E:\Ongoing\V2\mom-backend\services\meetingService.js:578:28)
    at async updateMeeting (E:\Ongoing\V2\mom-backend\controllers\meetingController.js:118:20)
Date: 20/02/2025, Time: 10:40
Error: No refresh token is set.
Stack Trace: Error: No refresh token is set.
    at OAuth2Client.refreshTokenNoCache (E:\Ongoing\V2\mom-backend\node_modules\google-auth-library\build\src\auth\oauth2client.js:200:19)
    at OAuth2Client.refreshToken (E:\Ongoing\V2\mom-backend\node_modules\google-auth-library\build\src\auth\oauth2client.js:180:25)
    at OAuth2Client.refreshAccessTokenAsync (E:\Ongoing\V2\mom-backend\node_modules\google-auth-library\build\src\auth\oauth2client.js:247:30)
    at OAuth2Client.refreshAccessToken (E:\Ongoing\V2\mom-backend\node_modules\google-auth-library\build\src\auth\oauth2client.js:243:25)
    at authenticateData (E:\Ongoing\V2\mom-backend\services\googleService.js:440:49)
    at process.processTicksAndRejections (node:internal/process/task_queues:95:5)
    at async Object.createGMeetingMOM (E:\Ongoing\V2\mom-backend\services\googleService.js:320:16)
    at async Object.updateMeeting (E:\Ongoing\V2\mom-backend\services\meetingService.js:578:28)
    at async updateMeeting (E:\Ongoing\V2\mom-backend\controllers\meetingController.js:118:20)
Date: 20/02/2025, Time: 10:42
Error: No refresh token is set.
Stack Trace: Error: No refresh token is set.
    at OAuth2Client.refreshTokenNoCache (E:\Ongoing\V2\mom-backend\node_modules\google-auth-library\build\src\auth\oauth2client.js:200:19)
    at OAuth2Client.refreshToken (E:\Ongoing\V2\mom-backend\node_modules\google-auth-library\build\src\auth\oauth2client.js:180:25)
    at OAuth2Client.refreshAccessTokenAsync (E:\Ongoing\V2\mom-backend\node_modules\google-auth-library\build\src\auth\oauth2client.js:247:30)
    at OAuth2Client.refreshAccessToken (E:\Ongoing\V2\mom-backend\node_modules\google-auth-library\build\src\auth\oauth2client.js:243:25)
    at authenticateData (E:\Ongoing\V2\mom-backend\services\googleService.js:440:49)
    at process.processTicksAndRejections (node:internal/process/task_queues:95:5)
    at async Object.createGMeetingMOM (E:\Ongoing\V2\mom-backend\services\googleService.js:320:16)
    at async Object.updateMeeting (E:\Ongoing\V2\mom-backend\services\meetingService.js:578:28)
    at async updateMeeting (E:\Ongoing\V2\mom-backend\controllers\meetingController.js:118:20)
Date: 20/02/2025, Time: 10:43
Error: newToken is not defined
Stack Trace: ReferenceError: newToken is not defined
    at authenticateData (E:\Ongoing\V2\mom-backend\services\googleService.js:456:33)
    at process.processTicksAndRejections (node:internal/process/task_queues:95:5)
    at async Object.createGMeetingMOM (E:\Ongoing\V2\mom-backend\services\googleService.js:320:16)
    at async Object.updateMeeting (E:\Ongoing\V2\mom-backend\services\meetingService.js:578:28)
    at async updateMeeting (E:\Ongoing\V2\mom-backend\controllers\meetingController.js:118:20)
Date: 20/02/2025, Time: 10:44
Error: No refresh token is set.
Stack Trace: Error: No refresh token is set.
    at OAuth2Client.refreshTokenNoCache (E:\Ongoing\V2\mom-backend\node_modules\google-auth-library\build\src\auth\oauth2client.js:200:19)
    at OAuth2Client.refreshToken (E:\Ongoing\V2\mom-backend\node_modules\google-auth-library\build\src\auth\oauth2client.js:180:25)
    at OAuth2Client.refreshAccessTokenAsync (E:\Ongoing\V2\mom-backend\node_modules\google-auth-library\build\src\auth\oauth2client.js:247:30)
    at OAuth2Client.refreshAccessToken (E:\Ongoing\V2\mom-backend\node_modules\google-auth-library\build\src\auth\oauth2client.js:243:25)
    at authenticateData (E:\Ongoing\V2\mom-backend\services\googleService.js:440:48)
    at process.processTicksAndRejections (node:internal/process/task_queues:95:5)
    at async Object.createGMeetingMOM (E:\Ongoing\V2\mom-backend\services\googleService.js:320:16)
    at async Object.updateMeeting (E:\Ongoing\V2\mom-backend\services\meetingService.js:578:28)
    at async updateMeeting (E:\Ongoing\V2\mom-backend\controllers\meetingController.js:118:20)
Date: 20/02/2025, Time: 10:44
Error: newTokenData is not defined
Stack Trace: ReferenceError: newTokenData is not defined
    at authenticateData (E:\Ongoing\V2\mom-backend\services\googleService.js:446:20)
    at process.processTicksAndRejections (node:internal/process/task_queues:95:5)
    at async Object.createGMeetingMOM (E:\Ongoing\V2\mom-backend\services\googleService.js:320:16)
    at async Object.updateMeeting (E:\Ongoing\V2\mom-backend\services\meetingService.js:578:28)
    at async updateMeeting (E:\Ongoing\V2\mom-backend\controllers\meetingController.js:118:20)
Date: 20/02/2025, Time: 10:46
Error: newToken is not defined
Stack Trace: ReferenceError: newToken is not defined
    at authenticateData (E:\Ongoing\V2\mom-backend\services\googleService.js:456:33)
    at process.processTicksAndRejections (node:internal/process/task_queues:95:5)
    at async Object.createGMeetingMOM (E:\Ongoing\V2\mom-backend\services\googleService.js:320:16)
    at async Object.updateMeeting (E:\Ongoing\V2\mom-backend\services\meetingService.js:578:28)
    at async updateMeeting (E:\Ongoing\V2\mom-backend\controllers\meetingController.js:118:20)
Date: 20/02/2025, Time: 10:47
Error: Login Required.
Stack Trace: Error: Login Required.
    at Gaxios._request (E:\Ongoing\V2\mom-backend\node_modules\gaxios\build\src\gaxios.js:142:23)
    at process.processTicksAndRejections (node:internal/process/task_queues:95:5)
    at async Object.createGMeetingMOM (E:\Ongoing\V2\mom-backend\services\googleService.js:357:20)
    at async Object.updateMeeting (E:\Ongoing\V2\mom-backend\services\meetingService.js:578:28)
    at async updateMeeting (E:\Ongoing\V2\mom-backend\controllers\meetingController.js:118:20)
Date: 20/02/2025, Time: 10:51
Error: Login Required.
Stack Trace: Error: Login Required.
    at Gaxios._request (E:\Ongoing\V2\mom-backend\node_modules\gaxios\build\src\gaxios.js:142:23)
    at process.processTicksAndRejections (node:internal/process/task_queues:95:5)
    at async Object.createGMeetingMOM (E:\Ongoing\V2\mom-backend\services\googleService.js:357:20)
    at async Object.updateMeeting (E:\Ongoing\V2\mom-backend\services\meetingService.js:578:28)
    at async updateMeeting (E:\Ongoing\V2\mom-backend\controllers\meetingController.js:118:20)
Date: 25/02/2025, Time: 14:59
Error: isUpdated is not defined
Stack Trace: ReferenceError: isUpdated is not defined
    at Object.updateMeeting (E:\Ongoing\V2\mom-backend\services\meetingService.js:380:35)
    at process.processTicksAndRejections (node:internal/process/task_queues:95:5)
    at async updateMeeting (E:\Ongoing\V2\mom-backend\controllers\meetingController.js:118:20)
Date: 25/02/2025, Time: 15:02
Error: pppppppppppppppppppppppppppppppppppppppppppppppppppppppppppppppppppppppppppppppppppppppppppppppppppppppppppppppppppppppppppppppp is not defined
Stack Trace: ReferenceError: pppppppppppppppppppppppppppppppppppppppppppppppppppppppppppppppppppppppppppppppppppppppppppppppppppppppppppppppppppppppppppppppp is not defined
    at Object.updateGMeetingMOM (E:\Ongoing\V2\mom-backend\services\googleService.js:721:5)
    at process.processTicksAndRejections (node:internal/process/task_queues:95:5)
    at async Object.updateMeeting (E:\Ongoing\V2\mom-backend\services\meetingService.js:367:34)
    at async updateMeeting (E:\Ongoing\V2\mom-backend\controllers\meetingController.js:118:20)
Date: 25/02/2025, Time: 15:04
Error: pppppppppppppppppppppppppppppppppppppppppppppppppppppppppppppppppppppppppppppppppppppppppppppppppppppppppppppppppppppppppppppppp is not defined
Stack Trace: ReferenceError: pppppppppppppppppppppppppppppppppppppppppppppppppppppppppppppppppppppppppppppppppppppppppppppppppppppppppppppppppppppppppppppppp is not defined
    at Object.updateGMeetingMOM (E:\Ongoing\V2\mom-backend\services\googleService.js:721:5)
    at process.processTicksAndRejections (node:internal/process/task_queues:95:5)
    at async Object.updateMeeting (E:\Ongoing\V2\mom-backend\services\meetingService.js:367:34)
    at async updateMeeting (E:\Ongoing\V2\mom-backend\controllers\meetingController.js:118:20)
Date: 25/02/2025, Time: 15:14
Error: event is not defined
Stack Trace: ReferenceError: event is not defined
    at Object.deleteGMeetingMOM (E:\Ongoing\V2\mom-backend\services\googleService.js:736:34)
    at process.processTicksAndRejections (node:internal/process/task_queues:95:5)
    at async Object.updateMeeting (E:\Ongoing\V2\mom-backend\services\meetingService.js:346:34)
    at async updateMeeting (E:\Ongoing\V2\mom-backend\controllers\meetingController.js:118:20)
Date: 25/02/2025, Time: 15:15
Error: isUpdated is not defined
Stack Trace: ReferenceError: isUpdated is not defined
    at Object.updateMeeting (E:\Ongoing\V2\mom-backend\services\meetingService.js:354:35)
    at process.processTicksAndRejections (node:internal/process/task_queues:95:5)
    at async updateMeeting (E:\Ongoing\V2\mom-backend\controllers\meetingController.js:118:20)
Date: 25/02/2025, Time: 15:18
Error: Resource has been deleted
Stack Trace: Error: Resource has been deleted
    at Gaxios._request (E:\Ongoing\V2\mom-backend\node_modules\gaxios\build\src\gaxios.js:142:23)
    at process.processTicksAndRejections (node:internal/process/task_queues:95:5)
    at async OAuth2Client.requestAsync (E:\Ongoing\V2\mom-backend\node_modules\google-auth-library\build\src\auth\oauth2client.js:429:18)
    at async Object.deleteGMeetingMOM (E:\Ongoing\V2\mom-backend\services\googleService.js:746:22)
    at async Object.updateMeeting (E:\Ongoing\V2\mom-backend\services\meetingService.js:346:34)
    at async updateMeeting (E:\Ongoing\V2\mom-backend\controllers\meetingController.js:118:20)
=======
<<<<<<< HEAD
<<<<<<< HEAD
Date: 20/02/2025, Time: 14:56
Error: Invalid scheme, expected connection string to start with "mongodb://" or "mongodb+srv://"
Stack Trace: MongoParseError: Invalid scheme, expected connection string to start with "mongodb://" or "mongodb+srv://"
    at new ConnectionString (D:\ongoing\V2-20-02-2025-Git\mom-backendv2\node_modules\mongodb-connection-string-url\lib\index.js:86:19)
    at parseOptions (D:\ongoing\V2-20-02-2025-Git\mom-backendv2\node_modules\mongoose\node_modules\mongodb\lib\connection_string.js:203:17)
    at new MongoClient (D:\ongoing\V2-20-02-2025-Git\mom-backendv2\node_modules\mongoose\node_modules\mongodb\lib\mongo_client.js:51:61)
    at NativeConnection.createClient (D:\ongoing\V2-20-02-2025-Git\mom-backendv2\node_modules\mongoose\lib\drivers\node-mongodb-native\connection.js:328:14)
    at NativeConnection.openUri (D:\ongoing\V2-20-02-2025-Git\mom-backendv2\node_modules\mongoose\lib\connection.js:1069:34)
    at Mongoose.connect (D:\ongoing\V2-20-02-2025-Git\mom-backendv2\node_modules\mongoose\lib\mongoose.js:446:15)
    at connectDB (D:\ongoing\V2-20-02-2025-Git\mom-backendv2\dbLayer\connection.js:8:33)
    at Object.<anonymous> (D:\ongoing\V2-20-02-2025-Git\mom-backendv2\server.js:63:1)
    at Module._compile (node:internal/modules/cjs/loader:1546:14)
    at Object..js (node:internal/modules/cjs/loader:1689:10)
Date: 20/02/2025, Time: 14:57
Error: Invalid scheme, expected connection string to start with "mongodb://" or "mongodb+srv://"
Stack Trace: MongoParseError: Invalid scheme, expected connection string to start with "mongodb://" or "mongodb+srv://"
    at new ConnectionString (D:\ongoing\V2-20-02-2025-Git\mom-backendv2\node_modules\mongodb-connection-string-url\lib\index.js:86:19)
    at parseOptions (D:\ongoing\V2-20-02-2025-Git\mom-backendv2\node_modules\mongoose\node_modules\mongodb\lib\connection_string.js:203:17)
    at new MongoClient (D:\ongoing\V2-20-02-2025-Git\mom-backendv2\node_modules\mongoose\node_modules\mongodb\lib\mongo_client.js:51:61)
    at NativeConnection.createClient (D:\ongoing\V2-20-02-2025-Git\mom-backendv2\node_modules\mongoose\lib\drivers\node-mongodb-native\connection.js:328:14)
    at NativeConnection.openUri (D:\ongoing\V2-20-02-2025-Git\mom-backendv2\node_modules\mongoose\lib\connection.js:1069:34)
    at Mongoose.connect (D:\ongoing\V2-20-02-2025-Git\mom-backendv2\node_modules\mongoose\lib\mongoose.js:446:15)
    at connectDB (D:\ongoing\V2-20-02-2025-Git\mom-backendv2\dbLayer\connection.js:8:33)
    at Object.<anonymous> (D:\ongoing\V2-20-02-2025-Git\mom-backendv2\server.js:63:1)
    at Module._compile (node:internal/modules/cjs/loader:1546:14)
    at Object..js (node:internal/modules/cjs/loader:1689:10)
Date: 20/02/2025, Time: 15:18
Error: "meetingId" is required
Stack Trace: ValidationError: "meetingId" is required
Date: 20/02/2025, Time: 15:20
Error: "meetingId" is required
Stack Trace: ValidationError: "meetingId" is required
=======
Date: 19/02/2025, Time: 17:25
Error: Invalid scheme, expected connection string to start with "mongodb://" or "mongodb+srv://"
Stack Trace: MongoParseError: Invalid scheme, expected connection string to start with "mongodb://" or "mongodb+srv://"
    at new ConnectionString (D:\MinutesVault V2\mom-backendv2\node_modules\mongodb-connection-string-url\lib\index.js:86:19)
    at parseOptions (D:\MinutesVault V2\mom-backendv2\node_modules\mongoose\node_modules\mongodb\lib\connection_string.js:203:17)
    at new MongoClient (D:\MinutesVault V2\mom-backendv2\node_modules\mongoose\node_modules\mongodb\lib\mongo_client.js:51:61)
    at NativeConnection.createClient (D:\MinutesVault V2\mom-backendv2\node_modules\mongoose\lib\drivers\node-mongodb-native\connection.js:328:14)
    at NativeConnection.openUri (D:\MinutesVault V2\mom-backendv2\node_modules\mongoose\lib\connection.js:1069:34)
    at Mongoose.connect (D:\MinutesVault V2\mom-backendv2\node_modules\mongoose\lib\mongoose.js:446:15)
    at connectDB (D:\MinutesVault V2\mom-backendv2\dbLayer\connection.js:8:33)
    at Object.<anonymous> (D:\MinutesVault V2\mom-backendv2\server.js:63:1)
    at Module._compile (node:internal/modules/cjs/loader:1546:14)
    at Object..js (node:internal/modules/cjs/loader:1689:10)
Date: 19/02/2025, Time: 18:19
Error: Cannot read properties of null (reading 'organizationId')
Stack Trace: TypeError: Cannot read properties of null (reading 'organizationId')
    at Object.deleteDraftMeeting (D:\MinutesVault V2\mom-backendv2\services\meetingService.js:5409:30)
    at process.processTicksAndRejections (node:internal/process/task_queues:105:5)
    at async draftMeetingdelete (D:\MinutesVault V2\mom-backendv2\controllers\meetingController.js:1171:20)
Date: 19/02/2025, Time: 18:19
Error: Cannot read properties of null (reading 'organizationId')
Stack Trace: TypeError: Cannot read properties of null (reading 'organizationId')
    at Object.deleteDraftMeeting (D:\MinutesVault V2\mom-backendv2\services\meetingService.js:5409:30)
    at process.processTicksAndRejections (node:internal/process/task_queues:105:5)
    at async draftMeetingdelete (D:\MinutesVault V2\mom-backendv2\controllers\meetingController.js:1171:20)
Date: 19/02/2025, Time: 18:20
Error: Cannot read properties of null (reading 'organizationId')
Stack Trace: TypeError: Cannot read properties of null (reading 'organizationId')
    at Object.deleteDraftMeeting (D:\MinutesVault V2\mom-backendv2\services\meetingService.js:5409:30)
    at process.processTicksAndRejections (node:internal/process/task_queues:105:5)
    at async draftMeetingdelete (D:\MinutesVault V2\mom-backendv2\controllers\meetingController.js:1171:20)
Date: 20/02/2025, Time: 11:12
Error: "headers.authorization" is required
Stack Trace: ValidationError: "headers.authorization" is required
Date: 20/02/2025, Time: 11:13
Error: "headers.authorization" is required
Stack Trace: ValidationError: "headers.authorization" is required
Date: 20/02/2025, Time: 11:25
Error: "headers.authorization" is required
Stack Trace: ValidationError: "headers.authorization" is required
Date: 20/02/2025, Time: 11:26
Error: invalid token
Stack Trace: JsonWebTokenError: invalid token
    at module.exports [as verify] (D:\MinutesVault V2\mom-backendv2\node_modules\jsonwebtoken\verify.js:82:17)
    at verifyUserToken (D:\MinutesVault V2\mom-backendv2\middlewares\authMiddleware.js:21:25)
    at Layer.handle [as handle_request] (D:\MinutesVault V2\mom-backendv2\node_modules\express\lib\router\layer.js:95:5)
    at next (D:\MinutesVault V2\mom-backendv2\node_modules\express\lib\router\route.js:149:13)
    at draftMeetingValidator (D:\MinutesVault V2\mom-backendv2\validators\meetingValidator.js:1155:5)
    at process.processTicksAndRejections (node:internal/process/task_queues:105:5)
Date: 20/02/2025, Time: 11:28
Error: invalid token
Stack Trace: JsonWebTokenError: invalid token
    at module.exports [as verify] (D:\MinutesVault V2\mom-backendv2\node_modules\jsonwebtoken\verify.js:82:17)
    at verifyUserToken (D:\MinutesVault V2\mom-backendv2\middlewares\authMiddleware.js:21:25)
    at Layer.handle [as handle_request] (D:\MinutesVault V2\mom-backendv2\node_modules\express\lib\router\layer.js:95:5)
    at next (D:\MinutesVault V2\mom-backendv2\node_modules\express\lib\router\route.js:149:13)
    at draftMeetingValidator (D:\MinutesVault V2\mom-backendv2\validators\meetingValidator.js:1155:5)
    at process.processTicksAndRejections (node:internal/process/task_queues:105:5)
>>>>>>> 390496992459c68a5ce10b742238e85ece178670
=======
Date: 19/02/2025, Time: 11:11
Error: Cannot read properties of undefined (reading 'startsWith')
Stack Trace: TypeError: Cannot read properties of undefined (reading 'startsWith')
    at verifyUserToken (E:\Ongoing\V2\BE\TESTING\mom-backendv2\middlewares\authMiddleware.js:18:15)
    at Layer.handle [as handle_request] (E:\Ongoing\V2\BE\TESTING\mom-backendv2\node_modules\express\lib\router\layer.js:95:5)
    at next (E:\Ongoing\V2\BE\TESTING\mom-backendv2\node_modules\express\lib\router\route.js:149:13)
    at Route.dispatch (E:\Ongoing\V2\BE\TESTING\mom-backendv2\node_modules\express\lib\router\route.js:119:3)
    at Layer.handle [as handle_request] (E:\Ongoing\V2\BE\TESTING\mom-backendv2\node_modules\express\lib\router\layer.js:95:5)
    at E:\Ongoing\V2\BE\TESTING\mom-backendv2\node_modules\express\lib\router\index.js:284:15
    at Function.process_params (E:\Ongoing\V2\BE\TESTING\mom-backendv2\node_modules\express\lib\router\index.js:346:12)
    at next (E:\Ongoing\V2\BE\TESTING\mom-backendv2\node_modules\express\lib\router\index.js:280:10)
    at Function.handle (E:\Ongoing\V2\BE\TESTING\mom-backendv2\node_modules\express\lib\router\index.js:175:3)
    at router (E:\Ongoing\V2\BE\TESTING\mom-backendv2\node_modules\express\lib\router\index.js:47:12)
Date: 19/02/2025, Time: 11:13
Error: Cannot read properties of undefined (reading 'startsWith')
Stack Trace: TypeError: Cannot read properties of undefined (reading 'startsWith')
    at verifyUserToken (E:\Ongoing\V2\BE\TESTING\mom-backendv2\middlewares\authMiddleware.js:18:15)
    at Layer.handle [as handle_request] (E:\Ongoing\V2\BE\TESTING\mom-backendv2\node_modules\express\lib\router\layer.js:95:5)
    at next (E:\Ongoing\V2\BE\TESTING\mom-backendv2\node_modules\express\lib\router\route.js:149:13)
    at Route.dispatch (E:\Ongoing\V2\BE\TESTING\mom-backendv2\node_modules\express\lib\router\route.js:119:3)
    at Layer.handle [as handle_request] (E:\Ongoing\V2\BE\TESTING\mom-backendv2\node_modules\express\lib\router\layer.js:95:5)
    at E:\Ongoing\V2\BE\TESTING\mom-backendv2\node_modules\express\lib\router\index.js:284:15
    at Function.process_params (E:\Ongoing\V2\BE\TESTING\mom-backendv2\node_modules\express\lib\router\index.js:346:12)
    at next (E:\Ongoing\V2\BE\TESTING\mom-backendv2\node_modules\express\lib\router\index.js:280:10)
    at Function.handle (E:\Ongoing\V2\BE\TESTING\mom-backendv2\node_modules\express\lib\router\index.js:175:3)
    at router (E:\Ongoing\V2\BE\TESTING\mom-backendv2\node_modules\express\lib\router\index.js:47:12)
Date: 19/02/2025, Time: 14:38
Error: HTML tags & Special letters are not allowed!
Stack Trace: ValidationError: HTML tags & Special letters are not allowed!
Date: 19/02/2025, Time: 14:53
Error: HTML tags & Special letters are not allowed!
Stack Trace: ValidationError: HTML tags & Special letters are not allowed!
Date: 19/02/2025, Time: 14:54
Error: HTML tags & Special letters are not allowed!
Stack Trace: ValidationError: HTML tags & Special letters are not allowed!
<<<<<<< HEAD
>>>>>>> 8290183aa26beb1199fe9011abc3f51e5c078690
=======
Date: 19/02/2025, Time: 17:50
Error: Cast to date failed for value "Invalid Date" (type Date) at path "date" for model "meetings"
Stack Trace: CastError: Cast to date failed for value "Invalid Date" (type Date) at path "date" for model "meetings"
    at SchemaDate.cast (C:\Users\NTSPL-80\Documents\IPMsg\AutoSave\Final Back UP\B BACKUP\node_modules\mongoose\lib\schema\date.js:377:11)
    at SchemaType.applySetters (C:\Users\NTSPL-80\Documents\IPMsg\AutoSave\Final Back UP\B BACKUP\node_modules\mongoose\lib\schemaType.js:1255:12)
    at SchemaDate.castForQuery (C:\Users\NTSPL-80\Documents\IPMsg\AutoSave\Final Back UP\B BACKUP\node_modules\mongoose\lib\schema\date.js:412:19)
    at cast (C:\Users\NTSPL-80\Documents\IPMsg\AutoSave\Final Back UP\B BACKUP\node_modules\mongoose\lib\cast.js:390:32)
    at Query.cast (C:\Users\NTSPL-80\Documents\IPMsg\AutoSave\Final Back UP\B BACKUP\node_modules\mongoose\lib\query.js:4897:12)
    at Query._castConditions (C:\Users\NTSPL-80\Documents\IPMsg\AutoSave\Final Back UP\B BACKUP\node_modules\mongoose\lib\query.js:2306:10)
    at model.Query._findOne (C:\Users\NTSPL-80\Documents\IPMsg\AutoSave\Final Back UP\B BACKUP\node_modules\mongoose\lib\query.js:2630:8)
    at model.Query.exec (C:\Users\NTSPL-80\Documents\IPMsg\AutoSave\Final Back UP\B BACKUP\node_modules\mongoose\lib\query.js:4446:80)
    at process.processTicksAndRejections (node:internal/process/task_queues:95:5)
    at async Object.checkMeetingRoomAvailability (C:\Users\NTSPL-80\Documents\IPMsg\AutoSave\Final Back UP\B BACKUP\services\meetingService.js:47:27)
Date: 20/02/2025, Time: 11:08
Error: EACCES: permission denied, open '/var/www/html/mom-backend/Downloads/error_report_1740029897173.xlsx'
Stack Trace: Error: EACCES: permission denied, open '/var/www/html/mom-backend/Downloads/error_report_1740029897173.xlsx'
    at Object.openSync (node:fs:573:18)
    at Object.writeFileSync (node:fs:2381:35)
    at write_dl (/var/www/html/mom-backend/node_modules/xlsx/xlsx.js:3109:112)
    at write_zip_denouement (/var/www/html/mom-backend/node_modules/xlsx/xlsx.js:23784:31)
    at write_zip_type (/var/www/html/mom-backend/node_modules/xlsx/xlsx.js:23754:9)
    at writeSync (/var/www/html/mom-backend/node_modules/xlsx/xlsx.js:23891:22)
    at Object.writeFileSync (/var/www/html/mom-backend/node_modules/xlsx/xlsx.js:23914:9)
    at writeErrorFile (/var/www/html/mom-backend/controllers/employeeController.js:447:8)
    at importEmployee (/var/www/html/mom-backend/controllers/employeeController.js:495:29)
    at process.processTicksAndRejections (node:internal/process/task_queues:95:5)
Date: 20/02/2025, Time: 11:08
Error: EACCES: permission denied, open '/var/www/html/mom-backend/Downloads/error_report_1740029906149.xlsx'
Stack Trace: Error: EACCES: permission denied, open '/var/www/html/mom-backend/Downloads/error_report_1740029906149.xlsx'
    at Object.openSync (node:fs:573:18)
    at Object.writeFileSync (node:fs:2381:35)
    at write_dl (/var/www/html/mom-backend/node_modules/xlsx/xlsx.js:3109:112)
    at write_zip_denouement (/var/www/html/mom-backend/node_modules/xlsx/xlsx.js:23784:31)
    at write_zip_type (/var/www/html/mom-backend/node_modules/xlsx/xlsx.js:23754:9)
    at writeSync (/var/www/html/mom-backend/node_modules/xlsx/xlsx.js:23891:22)
    at Object.writeFileSync (/var/www/html/mom-backend/node_modules/xlsx/xlsx.js:23914:9)
    at writeErrorFile (/var/www/html/mom-backend/controllers/employeeController.js:447:8)
    at importEmployee (/var/www/html/mom-backend/controllers/employeeController.js:495:29)
    at process.processTicksAndRejections (node:internal/process/task_queues:95:5)
Date: 20/02/2025, Time: 11:08
Error: EACCES: permission denied, open '/var/www/html/mom-backend/Downloads/error_report_1740029913973.xlsx'
Stack Trace: Error: EACCES: permission denied, open '/var/www/html/mom-backend/Downloads/error_report_1740029913973.xlsx'
    at Object.openSync (node:fs:573:18)
    at Object.writeFileSync (node:fs:2381:35)
    at write_dl (/var/www/html/mom-backend/node_modules/xlsx/xlsx.js:3109:112)
    at write_zip_denouement (/var/www/html/mom-backend/node_modules/xlsx/xlsx.js:23784:31)
    at write_zip_type (/var/www/html/mom-backend/node_modules/xlsx/xlsx.js:23754:9)
    at writeSync (/var/www/html/mom-backend/node_modules/xlsx/xlsx.js:23891:22)
    at Object.writeFileSync (/var/www/html/mom-backend/node_modules/xlsx/xlsx.js:23914:9)
    at writeErrorFile (/var/www/html/mom-backend/controllers/employeeController.js:447:8)
    at importEmployee (/var/www/html/mom-backend/controllers/employeeController.js:495:29)
    at process.processTicksAndRejections (node:internal/process/task_queues:95:5)
Date: 20/02/2025, Time: 11:08
Error: EACCES: permission denied, open '/var/www/html/mom-backend/Downloads/error_report_1740029927339.xlsx'
Stack Trace: Error: EACCES: permission denied, open '/var/www/html/mom-backend/Downloads/error_report_1740029927339.xlsx'
    at Object.openSync (node:fs:573:18)
    at Object.writeFileSync (node:fs:2381:35)
    at write_dl (/var/www/html/mom-backend/node_modules/xlsx/xlsx.js:3109:112)
    at write_zip_denouement (/var/www/html/mom-backend/node_modules/xlsx/xlsx.js:23784:31)
    at write_zip_type (/var/www/html/mom-backend/node_modules/xlsx/xlsx.js:23754:9)
    at writeSync (/var/www/html/mom-backend/node_modules/xlsx/xlsx.js:23891:22)
    at Object.writeFileSync (/var/www/html/mom-backend/node_modules/xlsx/xlsx.js:23914:9)
    at writeErrorFile (/var/www/html/mom-backend/controllers/employeeController.js:447:8)
    at importEmployee (/var/www/html/mom-backend/controllers/employeeController.js:495:29)
    at process.processTicksAndRejections (node:internal/process/task_queues:95:5)
>>>>>>> a89935f78282b2e6cd48fdadb6ed6c855605fb11
<<<<<<< HEAD
Date: 20/02/2025, Time: 18:51
Error: "reAssignedUsers" is required
Stack Trace: ValidationError: "reAssignedUsers" is required
Date: 20/02/2025, Time: 18:54
Error: "reAssignedUsers" is required
Stack Trace: ValidationError: "reAssignedUsers" is required
Date: 20/02/2025, Time: 18:57
Error: "reAssignedUsers" is required
Stack Trace: ValidationError: "reAssignedUsers" is required
=======
Date: 20/02/2025, Time: 16:50
Error: The "chunk" argument must be of type string or an instance of Buffer, TypedArray, or DataView. Received an instance of Object
Stack Trace: TypeError [ESTREAM]: The "chunk" argument must be of type string or an instance of Buffer, TypedArray, or DataView. Received an instance of Object
    at _write (node:internal/streams/writable:482:13)
    at Writable.end (node:internal/streams/writable:823:17)
    at Immediate.<anonymous> (D:\MinutesVault V2\mom-backendv2\node_modules\nodemailer\lib\mime-node\index.js:997:35)
    at process.processImmediate (node:internal/timers:491:21)
Date: 20/02/2025, Time: 16:56
Error: emailTemplates.signInByOtpEmail is not a function
Stack Trace: TypeError: emailTemplates.signInByOtpEmail is not a function
    at insertOtp (D:\MinutesVault V2\mom-backendv2\services\authService.js:166:41)
    at process.processTicksAndRejections (node:internal/process/task_queues:105:5)
    at async validateSendingOtp (D:\MinutesVault V2\mom-backendv2\services\authService.js:221:11)
    at async Object.sendOtp (D:\MinutesVault V2\mom-backendv2\services\authService.js:43:12)
    at async sendOtp (D:\MinutesVault V2\mom-backendv2\controllers\authController.js:12:20)
Date: 20/02/2025, Time: 18:13
Error: Malformed UTF-8 data
Stack Trace: Error: Malformed UTF-8 data
    at Object.stringify (D:\MinutesVault V2\mom-backendv2\node_modules\crypto-js\core.js:523:24)
    at WordArray.init.toString (D:\MinutesVault V2\mom-backendv2\node_modules\crypto-js\core.js:278:38)
    at Object.decryptWithAES (D:\MinutesVault V2\mom-backendv2\helpers\commonHelper.js:387:30)
    at D:\MinutesVault V2\mom-backendv2\emailSetUp\dynamicEmailTemplate.js:2434:48
    at process.processTicksAndRejections (node:internal/process/task_queues:105:5)
Date: 20/02/2025, Time: 18:31
Error: The "chunk" argument must be of type string or an instance of Buffer, TypedArray, or DataView. Received an instance of Object
Stack Trace: TypeError [ESTREAM]: The "chunk" argument must be of type string or an instance of Buffer, TypedArray, or DataView. Received an instance of Object
    at _write (node:internal/streams/writable:482:13)
    at Writable.end (node:internal/streams/writable:823:17)
    at Immediate.<anonymous> (D:\MinutesVault V2\mom-backendv2\node_modules\nodemailer\lib\mime-node\index.js:997:35)
    at process.processImmediate (node:internal/timers:491:21)
Date: 20/02/2025, Time: 18:32
Error: The "chunk" argument must be of type string or an instance of Buffer, TypedArray, or DataView. Received an instance of Object
Stack Trace: TypeError [ESTREAM]: The "chunk" argument must be of type string or an instance of Buffer, TypedArray, or DataView. Received an instance of Object
    at _write (node:internal/streams/writable:482:13)
    at Writable.end (node:internal/streams/writable:823:17)
    at Immediate.<anonymous> (D:\MinutesVault V2\mom-backendv2\node_modules\nodemailer\lib\mime-node\index.js:997:35)
    at process.processImmediate (node:internal/timers:491:21)
Date: 20/02/2025, Time: 18:36
Error: The "chunk" argument must be of type string or an instance of Buffer, TypedArray, or DataView. Received an instance of Object
Stack Trace: TypeError [ESTREAM]: The "chunk" argument must be of type string or an instance of Buffer, TypedArray, or DataView. Received an instance of Object
    at _write (node:internal/streams/writable:482:13)
    at Writable.end (node:internal/streams/writable:823:17)
    at Immediate.<anonymous> (D:\MinutesVault V2\mom-backendv2\node_modules\nodemailer\lib\mime-node\index.js:997:35)
    at process.processImmediate (node:internal/timers:491:21)
Date: 20/02/2025, Time: 18:36
Error: The "chunk" argument must be of type string or an instance of Buffer, TypedArray, or DataView. Received an instance of Object
Stack Trace: TypeError [ESTREAM]: The "chunk" argument must be of type string or an instance of Buffer, TypedArray, or DataView. Received an instance of Object
    at _write (node:internal/streams/writable:482:13)
    at Writable.end (node:internal/streams/writable:823:17)
    at Immediate.<anonymous> (D:\MinutesVault V2\mom-backendv2\node_modules\nodemailer\lib\mime-node\index.js:997:35)
    at process.processImmediate (node:internal/timers:491:21)
Date: 20/02/2025, Time: 18:39
Error: The "chunk" argument must be of type string or an instance of Buffer, TypedArray, or DataView. Received an instance of Object
Stack Trace: TypeError [ESTREAM]: The "chunk" argument must be of type string or an instance of Buffer, TypedArray, or DataView. Received an instance of Object
    at _write (node:internal/streams/writable:482:13)
    at Writable.end (node:internal/streams/writable:823:17)
    at Immediate.<anonymous> (D:\MinutesVault V2\mom-backendv2\node_modules\nodemailer\lib\mime-node\index.js:997:35)
    at process.processImmediate (node:internal/timers:491:21)
Date: 20/02/2025, Time: 18:43
Error: Cannot access 'mailData' before initialization
Stack Trace: ReferenceError: Cannot access 'mailData' before initialization
    at Object.organizationRegistrationService (D:\MinutesVault V2\mom-backendv2\services\organizationService.js:105:51)
    at process.processTicksAndRejections (node:internal/process/task_queues:105:5)
    at async organizationRegistrationController (D:\MinutesVault V2\mom-backendv2\controllers\organizationController.js:32:20)
Date: 20/02/2025, Time: 18:46
Error: emailTemplates.organizationRegistration is not a function
Stack Trace: TypeError: emailTemplates.organizationRegistration is not a function
    at Object.organizationRegistrationService (D:\MinutesVault V2\mom-backendv2\services\organizationService.js:106:45)
    at process.processTicksAndRejections (node:internal/process/task_queues:105:5)
    at async organizationRegistrationController (D:\MinutesVault V2\mom-backendv2\controllers\organizationController.js:32:20)
<<<<<<< HEAD
Date: 21/02/2025, Time: 11:28
Error: emailTemplates.signInByOtpEmail is not a function
Stack Trace: TypeError: emailTemplates.signInByOtpEmail is not a function
    at insertOtp (D:\MinutesVault V2\mom-backendv2\services\authService.js:166:41)
    at process.processTicksAndRejections (node:internal/process/task_queues:105:5)
    at async validateSendingOtp (D:\MinutesVault V2\mom-backendv2\services\authService.js:221:11)
    at async Object.sendOtp (D:\MinutesVault V2\mom-backendv2\services\authService.js:43:12)
    at async sendOtp (D:\MinutesVault V2\mom-backendv2\controllers\authController.js:12:20)
Date: 21/02/2025, Time: 11:28
Error: emailTemplates.signInByOtpEmail is not a function
Stack Trace: TypeError: emailTemplates.signInByOtpEmail is not a function
    at insertOtp (D:\MinutesVault V2\mom-backendv2\services\authService.js:166:41)
    at process.processTicksAndRejections (node:internal/process/task_queues:105:5)
    at async validateSendingOtp (D:\MinutesVault V2\mom-backendv2\services\authService.js:221:11)
    at async Object.sendOtp (D:\MinutesVault V2\mom-backendv2\services\authService.js:43:12)
    at async sendOtp (D:\MinutesVault V2\mom-backendv2\controllers\authController.js:12:20)
=======
<<<<<<< HEAD
Date: 21/02/2025, Time: 10:38
Error: No active template found for type: ORGANIZATIONREGISTRATIONSENDOTP
Stack Trace: Error: No active template found for type: ORGANIZATIONREGISTRATIONSENDOTP
    at D:\On Going\V2\v2\mom-backendv2\emailSetUp\dynamicEmailTemplate.js:1805:11
    at process.processTicksAndRejections (node:internal/process/task_queues:105:5)
Date: 21/02/2025, Time: 10:42
Error: emailTemplates.signInByOtpEmail is not a function
Stack Trace: TypeError: emailTemplates.signInByOtpEmail is not a function
    at insertOtp (D:\On Going\V2\v2\mom-backendv2\services\authService.js:166:41)
    at process.processTicksAndRejections (node:internal/process/task_queues:105:5)
    at async validateSendingOtp (D:\On Going\V2\v2\mom-backendv2\services\authService.js:211:11)
    at async Object.sendOtp (D:\On Going\V2\v2\mom-backendv2\services\authService.js:43:12)
    at async sendOtp (D:\On Going\V2\v2\mom-backendv2\controllers\authController.js:12:20)
Date: 21/02/2025, Time: 10:45
Error: emailLogs validation failed: subject: Path `subject` is required., body: Path `body` is required.
Stack Trace: ValidationError: emailLogs validation failed: subject: Path `subject` is required., body: Path `body` is required.
    at Document.invalidate (D:\On Going\V2\v2\mom-backendv2\node_modules\mongoose\lib\document.js:3329:32)
    at D:\On Going\V2\v2\mom-backendv2\node_modules\mongoose\lib\document.js:3090:17
    at D:\On Going\V2\v2\mom-backendv2\node_modules\mongoose\lib\schemaType.js:1407:9
    at process.processTicksAndRejections (node:internal/process/task_queues:85:11)
=======
>>>>>>> 390496992459c68a5ce10b742238e85ece178670
>>>>>>> 684b56a0dca4f8de83c0bcb089304748abf1fa0a
>>>>>>> 225cd03fa5aeddf73d0bebcca3385e75758098e1
Date: 24/02/2025, Time: 11:39
Error: "actionId" is required
Stack Trace: ValidationError: "actionId" is required
Date: 24/02/2025, Time: 11:53
Error: queryTxt ESERVFAIL ntspl.6crwppo.mongodb.net
Stack Trace: Error: queryTxt ESERVFAIL ntspl.6crwppo.mongodb.net
    at QueryReqWrap.onresolve [as oncomplete] (node:internal/dns/promises:293:17)
Date: 24/02/2025, Time: 11:57
Error: mongoose is not defined
Stack Trace: ReferenceError: mongoose is not defined
    at Object.viewActionComment (D:\MinutesVault\MINUTES-VAULT-NEW\MinutesVaultV2\mom-backendv2\services\actionService.js:43:3)
    at viewActionComment (D:\MinutesVault\MINUTES-VAULT-NEW\MinutesVaultV2\mom-backendv2\controllers\actionController.js:36:40)
    at Layer.handle [as handle_request] (D:\MinutesVault\MINUTES-VAULT-NEW\MinutesVaultV2\mom-backendv2\node_modules\express\lib\router\layer.js:95:5)
    at next (D:\MinutesVault\MINUTES-VAULT-NEW\MinutesVaultV2\mom-backendv2\node_modules\express\lib\router\route.js:149:13)
    at verifyUserToken (D:\MinutesVault\MINUTES-VAULT-NEW\MinutesVaultV2\mom-backendv2\middlewares\authMiddleware.js:29:7)
    at process.processTicksAndRejections (node:internal/process/task_queues:105:5)
Date: 24/02/2025, Time: 11:58
Error: queryTxt ESERVFAIL ntspl.6crwppo.mongodb.net
Stack Trace: Error: queryTxt ESERVFAIL ntspl.6crwppo.mongodb.net
    at QueryReqWrap.onresolve [as oncomplete] (node:internal/dns/promises:293:17)
Date: 24/02/2025, Time: 12:17
Error: querySrv ESERVFAIL _mongodb._tcp.ntspl.6crwppo.mongodb.net
Stack Trace: Error: querySrv ESERVFAIL _mongodb._tcp.ntspl.6crwppo.mongodb.net
    at QueryReqWrap.onresolve [as oncomplete] (node:internal/dns/promises:293:17)
Date: 24/02/2025, Time: 12:21
Error: querySrv ESERVFAIL _mongodb._tcp.ntspl.6crwppo.mongodb.net
Stack Trace: Error: querySrv ESERVFAIL _mongodb._tcp.ntspl.6crwppo.mongodb.net
    at QueryReqWrap.onresolve [as oncomplete] (node:internal/dns/promises:293:17)
Date: 24/02/2025, Time: 12:33
Error: actionService.deleteComment is not a function
Stack Trace: TypeError: actionService.deleteComment is not a function
    at actionCommentsDelete (D:\MinutesVault\MINUTES-VAULT-NEW\MinutesVaultV2\mom-backendv2\controllers\actionController.js:95:40)
    at Layer.handle [as handle_request] (D:\MinutesVault\MINUTES-VAULT-NEW\MinutesVaultV2\mom-backendv2\node_modules\express\lib\router\layer.js:95:5)
    at next (D:\MinutesVault\MINUTES-VAULT-NEW\MinutesVaultV2\mom-backendv2\node_modules\express\lib\router\route.js:149:13)
    at verifyUserToken (D:\MinutesVault\MINUTES-VAULT-NEW\MinutesVaultV2\mom-backendv2\middlewares\authMiddleware.js:29:7)
    at process.processTicksAndRejections (node:internal/process/task_queues:105:5)
Date: 24/02/2025, Time: 12:34
Error: actionService.deleteComment is not a function
Stack Trace: TypeError: actionService.deleteComment is not a function
    at actionCommentsDelete (D:\MinutesVault\MINUTES-VAULT-NEW\MinutesVaultV2\mom-backendv2\controllers\actionController.js:95:40)
    at Layer.handle [as handle_request] (D:\MinutesVault\MINUTES-VAULT-NEW\MinutesVaultV2\mom-backendv2\node_modules\express\lib\router\layer.js:95:5)
    at next (D:\MinutesVault\MINUTES-VAULT-NEW\MinutesVaultV2\mom-backendv2\node_modules\express\lib\router\route.js:149:13)
    at verifyUserToken (D:\MinutesVault\MINUTES-VAULT-NEW\MinutesVaultV2\mom-backendv2\middlewares\authMiddleware.js:29:7)
    at process.processTicksAndRejections (node:internal/process/task_queues:105:5)
Date: 24/02/2025, Time: 12:38
Error: ip is not defined
Stack Trace: ReferenceError: ip is not defined
    at actionCommentsCreate (D:\MinutesVault\MINUTES-VAULT-NEW\MinutesVaultV2\mom-backendv2\controllers\actionController.js:15:7)
    at Layer.handle [as handle_request] (D:\MinutesVault\MINUTES-VAULT-NEW\MinutesVaultV2\mom-backendv2\node_modules\express\lib\router\layer.js:95:5)
    at next (D:\MinutesVault\MINUTES-VAULT-NEW\MinutesVaultV2\mom-backendv2\node_modules\express\lib\router\route.js:149:13)
    at verifyUserToken (D:\MinutesVault\MINUTES-VAULT-NEW\MinutesVaultV2\mom-backendv2\middlewares\authMiddleware.js:29:7)
    at process.processTicksAndRejections (node:internal/process/task_queues:105:5)
Date: 24/02/2025, Time: 12:38
Error: Operation `employees.findOne()` buffering timed out after 10000ms
Stack Trace: MongooseError: Operation `employees.findOne()` buffering timed out after 10000ms
    at Timeout.<anonymous> (D:\MinutesVault\MINUTES-VAULT-NEW\MinutesVaultV2\mom-backendv2\node_modules\mongoose\lib\drivers\node-mongodb-native\collection.js:185:23)
    at listOnTimeout (node:internal/timers:594:17)
    at process.processTimers (node:internal/timers:529:7)
Date: 24/02/2025, Time: 15:10
Error: Operation `employees.findOne()` buffering timed out after 10000ms
Stack Trace: MongooseError: Operation `employees.findOne()` buffering timed out after 10000ms
    at Timeout.<anonymous> (D:\MinutesVault\MINUTES-VAULT-NEW\MinutesVaultV2\mom-backendv2\node_modules\mongoose\lib\drivers\node-mongodb-native\collection.js:185:23)
    at listOnTimeout (node:internal/timers:594:17)
    at process.processTimers (node:internal/timers:529:7)
Date: 24/02/2025, Time: 15:21
Error: queryTxt ESERVFAIL ntspl.6crwppo.mongodb.net
Stack Trace: Error: queryTxt ESERVFAIL ntspl.6crwppo.mongodb.net
    at QueryReqWrap.onresolve [as oncomplete] (node:internal/dns/promises:293:17)
Date: 24/02/2025, Time: 15:31
Error: "actionId" is required
Stack Trace: ValidationError: "actionId" is required
Date: 24/02/2025, Time: 15:34
Error: HTML tags & Special letters are not allowed!
Stack Trace: ValidationError: HTML tags & Special letters are not allowed!
Date: 24/02/2025, Time: 15:34
Error: HTML tags & Special letters are not allowed!
Stack Trace: ValidationError: HTML tags & Special letters are not allowed!
Date: 24/02/2025, Time: 15:35
Error: User is not defined
Stack Trace: ReferenceError: User is not defined
    at Object.addComments (D:\MinutesVault\MINUTES-VAULT-NEW\MinutesVaultV2\mom-backendv2\services\actionService.js:34:5)
    at actionCommentsCreate (D:\MinutesVault\MINUTES-VAULT-NEW\MinutesVaultV2\mom-backendv2\controllers\actionController.js:11:40)
    at Layer.handle [as handle_request] (D:\MinutesVault\MINUTES-VAULT-NEW\MinutesVaultV2\mom-backendv2\node_modules\express\lib\router\layer.js:95:5)
    at next (D:\MinutesVault\MINUTES-VAULT-NEW\MinutesVaultV2\mom-backendv2\node_modules\express\lib\router\route.js:149:13)
    at verifyUserToken (D:\MinutesVault\MINUTES-VAULT-NEW\MinutesVaultV2\mom-backendv2\middlewares\authMiddleware.js:29:7)
    at process.processTicksAndRejections (node:internal/process/task_queues:105:5)
Date: 24/02/2025, Time: 15:38
Error: querySrv ESERVFAIL _mongodb._tcp.ntspl.6crwppo.mongodb.net
Stack Trace: Error: querySrv ESERVFAIL _mongodb._tcp.ntspl.6crwppo.mongodb.net
    at QueryReqWrap.onresolve [as oncomplete] (node:internal/dns/promises:293:17)
Date: 24/02/2025, Time: 16:02
Error: querySrv ESERVFAIL _mongodb._tcp.ntspl.6crwppo.mongodb.net
Stack Trace: Error: querySrv ESERVFAIL _mongodb._tcp.ntspl.6crwppo.mongodb.net
    at QueryReqWrap.onresolve [as oncomplete] (node:internal/dns/promises:293:17)
Date: 24/02/2025, Time: 17:32
Error: "headers.content-type" is not allowed
Stack Trace: ValidationError: "headers.content-type" is not allowed
Date: 25/02/2025, Time: 12:19
Error: Action is not defined
Stack Trace: ReferenceError: Action is not defined
    at Object.addComments (D:\MinutesVault\MINUTES-VAULT-NEW\MinutesVaultV2\mom-backendv2\services\actionService.js:63:25)
    at actionCommentsCreate (D:\MinutesVault\MINUTES-VAULT-NEW\MinutesVaultV2\mom-backendv2\controllers\actionController.js:11:40)
    at Layer.handle [as handle_request] (D:\MinutesVault\MINUTES-VAULT-NEW\MinutesVaultV2\mom-backendv2\node_modules\express\lib\router\layer.js:95:5)
    at next (D:\MinutesVault\MINUTES-VAULT-NEW\MinutesVaultV2\mom-backendv2\node_modules\express\lib\router\route.js:149:13)
    at verifyUserToken (D:\MinutesVault\MINUTES-VAULT-NEW\MinutesVaultV2\mom-backendv2\middlewares\authMiddleware.js:29:7)
    at process.processTicksAndRejections (node:internal/process/task_queues:105:5)
Date: 25/02/2025, Time: 12:20
Error: mongoose is not defined
Stack Trace: ReferenceError: mongoose is not defined
    at Object.addComments (D:\MinutesVault\MINUTES-VAULT-NEW\MinutesVaultV2\mom-backendv2\services\actionService.js:99:16)
    at process.processTicksAndRejections (node:internal/process/task_queues:105:5)
    at async actionCommentsCreate (D:\MinutesVault\MINUTES-VAULT-NEW\MinutesVaultV2\mom-backendv2\controllers\actionController.js:11:20)
Date: 25/02/2025, Time: 12:21
Error: attendeeDetails is not defined
Stack Trace: ReferenceError: attendeeDetails is not defined
    at Object.sendCommentEmailTemplate (D:\MinutesVault\MINUTES-VAULT-NEW\MinutesVaultV2\mom-backendv2\emailSetUp\dynamicEmailTemplate.js:2408:36)
    at process.processTicksAndRejections (node:internal/process/task_queues:105:5)
    at async Object.addComments (D:\MinutesVault\MINUTES-VAULT-NEW\MinutesVaultV2\mom-backendv2\services\actionService.js:104:20)
    at async actionCommentsCreate (D:\MinutesVault\MINUTES-VAULT-NEW\MinutesVaultV2\mom-backendv2\controllers\actionController.js:11:20)
Date: 25/02/2025, Time: 12:23
Error: actionDetails is not defined
Stack Trace: ReferenceError: actionDetails is not defined
    at Object.sendCommentEmailTemplate (D:\MinutesVault\MINUTES-VAULT-NEW\MinutesVaultV2\mom-backendv2\emailSetUp\dynamicEmailTemplate.js:2414:55)
    at process.processTicksAndRejections (node:internal/process/task_queues:105:5)
    at async Object.addComments (D:\MinutesVault\MINUTES-VAULT-NEW\MinutesVaultV2\mom-backendv2\services\actionService.js:104:20)
    at async actionCommentsCreate (D:\MinutesVault\MINUTES-VAULT-NEW\MinutesVaultV2\mom-backendv2\controllers\actionController.js:11:20)
Date: 25/02/2025, Time: 12:23
Error: commentDetails is not defined
Stack Trace: ReferenceError: commentDetails is not defined
    at Object.sendCommentEmailTemplate (D:\MinutesVault\MINUTES-VAULT-NEW\MinutesVaultV2\mom-backendv2\emailSetUp\dynamicEmailTemplate.js:2421:62)
    at process.processTicksAndRejections (node:internal/process/task_queues:105:5)
    at async Object.addComments (D:\MinutesVault\MINUTES-VAULT-NEW\MinutesVaultV2\mom-backendv2\services\actionService.js:104:20)
    at async actionCommentsCreate (D:\MinutesVault\MINUTES-VAULT-NEW\MinutesVaultV2\mom-backendv2\controllers\actionController.js:11:20)
Date: 25/02/2025, Time: 12:25
Error: commentDetails is not defined
Stack Trace: ReferenceError: commentDetails is not defined
    at Object.sendCommentEmailTemplate (D:\MinutesVault\MINUTES-VAULT-NEW\MinutesVaultV2\mom-backendv2\emailSetUp\dynamicEmailTemplate.js:2434:5)
    at process.processTicksAndRejections (node:internal/process/task_queues:105:5)
    at async Object.addComments (D:\MinutesVault\MINUTES-VAULT-NEW\MinutesVaultV2\mom-backendv2\services\actionService.js:104:20)
    at async actionCommentsCreate (D:\MinutesVault\MINUTES-VAULT-NEW\MinutesVaultV2\mom-backendv2\controllers\actionController.js:11:20)
Date: 25/02/2025, Time: 12:27
Error: emailLogs validation failed: body: Path `body` is required.
Stack Trace: ValidationError: emailLogs validation failed: body: Path `body` is required.
    at Document.invalidate (D:\MinutesVault\MINUTES-VAULT-NEW\MinutesVaultV2\mom-backendv2\node_modules\mongoose\lib\document.js:3329:32)
    at D:\MinutesVault\MINUTES-VAULT-NEW\MinutesVaultV2\mom-backendv2\node_modules\mongoose\lib\document.js:3090:17
    at D:\MinutesVault\MINUTES-VAULT-NEW\MinutesVaultV2\mom-backendv2\node_modules\mongoose\lib\schemaType.js:1407:9
    at process.processTicksAndRejections (node:internal/process/task_queues:85:11)
Date: 25/02/2025, Time: 12:32
Error: emailLogs validation failed: body: Path `body` is required.
Stack Trace: ValidationError: emailLogs validation failed: body: Path `body` is required.
    at Document.invalidate (D:\MinutesVault\MINUTES-VAULT-NEW\MinutesVaultV2\mom-backendv2\node_modules\mongoose\lib\document.js:3329:32)
    at D:\MinutesVault\MINUTES-VAULT-NEW\MinutesVaultV2\mom-backendv2\node_modules\mongoose\lib\document.js:3090:17
    at D:\MinutesVault\MINUTES-VAULT-NEW\MinutesVaultV2\mom-backendv2\node_modules\mongoose\lib\schemaType.js:1407:9
    at process.processTicksAndRejections (node:internal/process/task_queues:85:11)
Date: 25/02/2025, Time: 12:35
Error: emailLogs validation failed: body: Path `body` is required.
Stack Trace: ValidationError: emailLogs validation failed: body: Path `body` is required.
    at Document.invalidate (D:\MinutesVault\MINUTES-VAULT-NEW\MinutesVaultV2\mom-backendv2\node_modules\mongoose\lib\document.js:3329:32)
    at D:\MinutesVault\MINUTES-VAULT-NEW\MinutesVaultV2\mom-backendv2\node_modules\mongoose\lib\document.js:3090:17
    at D:\MinutesVault\MINUTES-VAULT-NEW\MinutesVaultV2\mom-backendv2\node_modules\mongoose\lib\schemaType.js:1407:9
    at process.processTicksAndRejections (node:internal/process/task_queues:85:11)
Date: 25/02/2025, Time: 12:38
Error: emailLogs validation failed: emailType: Path `emailType` is required., subject: Path `subject` is required., body: Path `body` is required.
Stack Trace: ValidationError: emailLogs validation failed: emailType: Path `emailType` is required., subject: Path `subject` is required., body: Path `body` is required.
    at Document.invalidate (D:\MinutesVault\MINUTES-VAULT-NEW\MinutesVaultV2\mom-backendv2\node_modules\mongoose\lib\document.js:3329:32)
    at D:\MinutesVault\MINUTES-VAULT-NEW\MinutesVaultV2\mom-backendv2\node_modules\mongoose\lib\document.js:3090:17
    at D:\MinutesVault\MINUTES-VAULT-NEW\MinutesVaultV2\mom-backendv2\node_modules\mongoose\lib\schemaType.js:1407:9
    at process.processTicksAndRejections (node:internal/process/task_queues:85:11)
Date: 25/02/2025, Time: 12:46
Error: emailLogs validation failed: body: Path `body` is required.
Stack Trace: ValidationError: emailLogs validation failed: body: Path `body` is required.
    at Document.invalidate (D:\MinutesVault\MINUTES-VAULT-NEW\MinutesVaultV2\mom-backendv2\node_modules\mongoose\lib\document.js:3329:32)
    at D:\MinutesVault\MINUTES-VAULT-NEW\MinutesVaultV2\mom-backendv2\node_modules\mongoose\lib\document.js:3090:17
    at D:\MinutesVault\MINUTES-VAULT-NEW\MinutesVaultV2\mom-backendv2\node_modules\mongoose\lib\schemaType.js:1407:9
    at process.processTicksAndRejections (node:internal/process/task_queues:85:11)
Date: 25/02/2025, Time: 12:53
Error: emailLogs validation failed: body: Path `body` is required.
Stack Trace: ValidationError: emailLogs validation failed: body: Path `body` is required.
    at Document.invalidate (D:\MinutesVault\MINUTES-VAULT-NEW\MinutesVaultV2\mom-backendv2\node_modules\mongoose\lib\document.js:3329:32)
    at D:\MinutesVault\MINUTES-VAULT-NEW\MinutesVaultV2\mom-backendv2\node_modules\mongoose\lib\document.js:3090:17
    at D:\MinutesVault\MINUTES-VAULT-NEW\MinutesVaultV2\mom-backendv2\node_modules\mongoose\lib\schemaType.js:1407:9
    at process.processTicksAndRejections (node:internal/process/task_queues:85:11)
Date: 25/02/2025, Time: 13:01
Error: emailLogs validation failed: body: Path `body` is required.
Stack Trace: ValidationError: emailLogs validation failed: body: Path `body` is required.
    at Document.invalidate (D:\MinutesVault\MINUTES-VAULT-NEW\MinutesVaultV2\mom-backendv2\node_modules\mongoose\lib\document.js:3329:32)
    at D:\MinutesVault\MINUTES-VAULT-NEW\MinutesVaultV2\mom-backendv2\node_modules\mongoose\lib\document.js:3090:17
    at D:\MinutesVault\MINUTES-VAULT-NEW\MinutesVaultV2\mom-backendv2\node_modules\mongoose\lib\schemaType.js:1407:9
    at process.processTicksAndRejections (node:internal/process/task_queues:85:11)
Date: 25/02/2025, Time: 13:03
Error: emailLogs validation failed: body: Path `body` is required.
Stack Trace: ValidationError: emailLogs validation failed: body: Path `body` is required.
    at Document.invalidate (D:\MinutesVault\MINUTES-VAULT-NEW\MinutesVaultV2\mom-backendv2\node_modules\mongoose\lib\document.js:3329:32)
    at D:\MinutesVault\MINUTES-VAULT-NEW\MinutesVaultV2\mom-backendv2\node_modules\mongoose\lib\document.js:3090:17
    at D:\MinutesVault\MINUTES-VAULT-NEW\MinutesVaultV2\mom-backendv2\node_modules\mongoose\lib\schemaType.js:1407:9
    at process.processTicksAndRejections (node:internal/process/task_queues:85:11)
Date: 25/02/2025, Time: 13:05
Error: emailLogs validation failed: body: Path `body` is required.
Stack Trace: ValidationError: emailLogs validation failed: body: Path `body` is required.
    at Document.invalidate (D:\MinutesVault\MINUTES-VAULT-NEW\MinutesVaultV2\mom-backendv2\node_modules\mongoose\lib\document.js:3329:32)
    at D:\MinutesVault\MINUTES-VAULT-NEW\MinutesVaultV2\mom-backendv2\node_modules\mongoose\lib\document.js:3090:17
    at D:\MinutesVault\MINUTES-VAULT-NEW\MinutesVaultV2\mom-backendv2\node_modules\mongoose\lib\schemaType.js:1407:9
    at process.processTicksAndRejections (node:internal/process/task_queues:85:11)
Date: 25/02/2025, Time: 13:07
Error: emailLogs validation failed: body: Path `body` is required.
Stack Trace: ValidationError: emailLogs validation failed: body: Path `body` is required.
    at Document.invalidate (D:\MinutesVault\MINUTES-VAULT-NEW\MinutesVaultV2\mom-backendv2\node_modules\mongoose\lib\document.js:3329:32)
    at D:\MinutesVault\MINUTES-VAULT-NEW\MinutesVaultV2\mom-backendv2\node_modules\mongoose\lib\document.js:3090:17
    at D:\MinutesVault\MINUTES-VAULT-NEW\MinutesVaultV2\mom-backendv2\node_modules\mongoose\lib\schemaType.js:1407:9
    at process.processTicksAndRejections (node:internal/process/task_queues:85:11)
Date: 25/02/2025, Time: 13:08
Error: emailLogs validation failed: body: Path `body` is required.
Stack Trace: ValidationError: emailLogs validation failed: body: Path `body` is required.
    at Document.invalidate (D:\MinutesVault\MINUTES-VAULT-NEW\MinutesVaultV2\mom-backendv2\node_modules\mongoose\lib\document.js:3329:32)
    at D:\MinutesVault\MINUTES-VAULT-NEW\MinutesVaultV2\mom-backendv2\node_modules\mongoose\lib\document.js:3090:17
    at D:\MinutesVault\MINUTES-VAULT-NEW\MinutesVaultV2\mom-backendv2\node_modules\mongoose\lib\schemaType.js:1407:9
    at process.processTicksAndRejections (node:internal/process/task_queues:85:11)
Date: 25/02/2025, Time: 13:14
Error: emailLogs validation failed: body: Path `body` is required.
Stack Trace: ValidationError: emailLogs validation failed: body: Path `body` is required.
    at Document.invalidate (D:\MinutesVault\MINUTES-VAULT-NEW\MinutesVaultV2\mom-backendv2\node_modules\mongoose\lib\document.js:3329:32)
    at D:\MinutesVault\MINUTES-VAULT-NEW\MinutesVaultV2\mom-backendv2\node_modules\mongoose\lib\document.js:3090:17
    at D:\MinutesVault\MINUTES-VAULT-NEW\MinutesVaultV2\mom-backendv2\node_modules\mongoose\lib\schemaType.js:1407:9
    at process.processTicksAndRejections (node:internal/process/task_queues:85:11)
Date: 25/02/2025, Time: 13:16
Error: emailLogs validation failed: body: Path `body` is required.
Stack Trace: ValidationError: emailLogs validation failed: body: Path `body` is required.
    at Document.invalidate (D:\MinutesVault\MINUTES-VAULT-NEW\MinutesVaultV2\mom-backendv2\node_modules\mongoose\lib\document.js:3329:32)
    at D:\MinutesVault\MINUTES-VAULT-NEW\MinutesVaultV2\mom-backendv2\node_modules\mongoose\lib\document.js:3090:17
    at D:\MinutesVault\MINUTES-VAULT-NEW\MinutesVaultV2\mom-backendv2\node_modules\mongoose\lib\schemaType.js:1407:9
    at process.processTicksAndRejections (node:internal/process/task_queues:85:11)
Date: 25/02/2025, Time: 13:23
Error: emailLogs validation failed: body: Path `body` is required.
Stack Trace: ValidationError: emailLogs validation failed: body: Path `body` is required.
    at Document.invalidate (D:\MinutesVault\MINUTES-VAULT-NEW\MinutesVaultV2\mom-backendv2\node_modules\mongoose\lib\document.js:3329:32)
    at D:\MinutesVault\MINUTES-VAULT-NEW\MinutesVaultV2\mom-backendv2\node_modules\mongoose\lib\document.js:3090:17
    at D:\MinutesVault\MINUTES-VAULT-NEW\MinutesVaultV2\mom-backendv2\node_modules\mongoose\lib\schemaType.js:1407:9
    at process.processTicksAndRejections (node:internal/process/task_queues:85:11)
Date: 25/02/2025, Time: 13:24
Error: emailLogs validation failed: body: Path `body` is required.
Stack Trace: ValidationError: emailLogs validation failed: body: Path `body` is required.
    at Document.invalidate (D:\MinutesVault\MINUTES-VAULT-NEW\MinutesVaultV2\mom-backendv2\node_modules\mongoose\lib\document.js:3329:32)
    at D:\MinutesVault\MINUTES-VAULT-NEW\MinutesVaultV2\mom-backendv2\node_modules\mongoose\lib\document.js:3090:17
    at D:\MinutesVault\MINUTES-VAULT-NEW\MinutesVaultV2\mom-backendv2\node_modules\mongoose\lib\schemaType.js:1407:9
    at process.processTicksAndRejections (node:internal/process/task_queues:85:11)
Date: 25/02/2025, Time: 13:25
Error: emailLogs validation failed: body: Path `body` is required.
Stack Trace: ValidationError: emailLogs validation failed: body: Path `body` is required.
    at Document.invalidate (D:\MinutesVault\MINUTES-VAULT-NEW\MinutesVaultV2\mom-backendv2\node_modules\mongoose\lib\document.js:3329:32)
    at D:\MinutesVault\MINUTES-VAULT-NEW\MinutesVaultV2\mom-backendv2\node_modules\mongoose\lib\document.js:3090:17
    at D:\MinutesVault\MINUTES-VAULT-NEW\MinutesVaultV2\mom-backendv2\node_modules\mongoose\lib\schemaType.js:1407:9
    at process.processTicksAndRejections (node:internal/process/task_queues:85:11)
Date: 25/02/2025, Time: 13:27
Error: emailLogs validation failed: body: Path `body` is required.
Stack Trace: ValidationError: emailLogs validation failed: body: Path `body` is required.
    at Document.invalidate (D:\MinutesVault\MINUTES-VAULT-NEW\MinutesVaultV2\mom-backendv2\node_modules\mongoose\lib\document.js:3329:32)
    at D:\MinutesVault\MINUTES-VAULT-NEW\MinutesVaultV2\mom-backendv2\node_modules\mongoose\lib\document.js:3090:17
    at D:\MinutesVault\MINUTES-VAULT-NEW\MinutesVaultV2\mom-backendv2\node_modules\mongoose\lib\schemaType.js:1407:9
    at process.processTicksAndRejections (node:internal/process/task_queues:85:11)
Date: 25/02/2025, Time: 14:38
Error: emailLogs validation failed: body: Path `body` is required.
Stack Trace: ValidationError: emailLogs validation failed: body: Path `body` is required.
    at Document.invalidate (D:\MinutesVault\MINUTES-VAULT-NEW\MinutesVaultV2\mom-backendv2\node_modules\mongoose\lib\document.js:3329:32)
    at D:\MinutesVault\MINUTES-VAULT-NEW\MinutesVaultV2\mom-backendv2\node_modules\mongoose\lib\document.js:3090:17
    at D:\MinutesVault\MINUTES-VAULT-NEW\MinutesVaultV2\mom-backendv2\node_modules\mongoose\lib\schemaType.js:1407:9
    at process.processTicksAndRejections (node:internal/process/task_queues:85:11)
Date: 25/02/2025, Time: 14:55
Error: emailLogs validation failed: body: Path `body` is required.
Stack Trace: ValidationError: emailLogs validation failed: body: Path `body` is required.
    at Document.invalidate (D:\MinutesVault\MINUTES-VAULT-NEW\MinutesVaultV2\mom-backendv2\node_modules\mongoose\lib\document.js:3329:32)
    at D:\MinutesVault\MINUTES-VAULT-NEW\MinutesVaultV2\mom-backendv2\node_modules\mongoose\lib\document.js:3090:17
    at D:\MinutesVault\MINUTES-VAULT-NEW\MinutesVaultV2\mom-backendv2\node_modules\mongoose\lib\schemaType.js:1407:9
    at process.processTicksAndRejections (node:internal/process/task_queues:85:11)
Date: 25/02/2025, Time: 15:02
Error: emailLogs validation failed: body: Path `body` is required.
Stack Trace: ValidationError: emailLogs validation failed: body: Path `body` is required.
    at Document.invalidate (D:\MinutesVault\MINUTES-VAULT-NEW\MinutesVaultV2\mom-backendv2\node_modules\mongoose\lib\document.js:3329:32)
    at D:\MinutesVault\MINUTES-VAULT-NEW\MinutesVaultV2\mom-backendv2\node_modules\mongoose\lib\document.js:3090:17
    at D:\MinutesVault\MINUTES-VAULT-NEW\MinutesVaultV2\mom-backendv2\node_modules\mongoose\lib\schemaType.js:1407:9
    at process.processTicksAndRejections (node:internal/process/task_queues:85:11)
Date: 25/02/2025, Time: 15:07
Error: emailLogs validation failed: body: Path `body` is required.
Stack Trace: ValidationError: emailLogs validation failed: body: Path `body` is required.
    at Document.invalidate (D:\MinutesVault\MINUTES-VAULT-NEW\MinutesVaultV2\mom-backendv2\node_modules\mongoose\lib\document.js:3329:32)
    at D:\MinutesVault\MINUTES-VAULT-NEW\MinutesVaultV2\mom-backendv2\node_modules\mongoose\lib\document.js:3090:17
    at D:\MinutesVault\MINUTES-VAULT-NEW\MinutesVaultV2\mom-backendv2\node_modules\mongoose\lib\schemaType.js:1407:9
    at process.processTicksAndRejections (node:internal/process/task_queues:85:11)
Date: 25/02/2025, Time: 15:10
Error: emailSubject is not defined
Stack Trace: ReferenceError: emailSubject is not defined
    at Object.sendCommentEmailTemplate (D:\MinutesVault\MINUTES-VAULT-NEW\MinutesVaultV2\mom-backendv2\emailSetUp\dynamicEmailTemplate.js:2462:36)
    at process.processTicksAndRejections (node:internal/process/task_queues:105:5)
    at async Object.addComments (D:\MinutesVault\MINUTES-VAULT-NEW\MinutesVaultV2\mom-backendv2\services\actionService.js:104:20)
    at async actionCommentsCreate (D:\MinutesVault\MINUTES-VAULT-NEW\MinutesVaultV2\mom-backendv2\controllers\actionController.js:11:20)
Date: 25/02/2025, Time: 15:11
Error: emailLogs validation failed: body: Path `body` is required.
Stack Trace: ValidationError: emailLogs validation failed: body: Path `body` is required.
    at Document.invalidate (D:\MinutesVault\MINUTES-VAULT-NEW\MinutesVaultV2\mom-backendv2\node_modules\mongoose\lib\document.js:3329:32)
    at D:\MinutesVault\MINUTES-VAULT-NEW\MinutesVaultV2\mom-backendv2\node_modules\mongoose\lib\document.js:3090:17
    at D:\MinutesVault\MINUTES-VAULT-NEW\MinutesVaultV2\mom-backendv2\node_modules\mongoose\lib\schemaType.js:1407:9
    at process.processTicksAndRejections (node:internal/process/task_queues:85:11)
Date: 25/02/2025, Time: 15:12
Error: emailLogs validation failed: body: Path `body` is required.
Stack Trace: ValidationError: emailLogs validation failed: body: Path `body` is required.
    at Document.invalidate (D:\MinutesVault\MINUTES-VAULT-NEW\MinutesVaultV2\mom-backendv2\node_modules\mongoose\lib\document.js:3329:32)
    at D:\MinutesVault\MINUTES-VAULT-NEW\MinutesVaultV2\mom-backendv2\node_modules\mongoose\lib\document.js:3090:17
    at D:\MinutesVault\MINUTES-VAULT-NEW\MinutesVaultV2\mom-backendv2\node_modules\mongoose\lib\schemaType.js:1407:9
    at process.processTicksAndRejections (node:internal/process/task_queues:85:11)
Date: 25/02/2025, Time: 15:15
Error: emailLogs validation failed: body: Path `body` is required.
Stack Trace: ValidationError: emailLogs validation failed: body: Path `body` is required.
    at Document.invalidate (D:\MinutesVault\MINUTES-VAULT-NEW\MinutesVaultV2\mom-backendv2\node_modules\mongoose\lib\document.js:3329:32)
    at D:\MinutesVault\MINUTES-VAULT-NEW\MinutesVaultV2\mom-backendv2\node_modules\mongoose\lib\document.js:3090:17
    at D:\MinutesVault\MINUTES-VAULT-NEW\MinutesVaultV2\mom-backendv2\node_modules\mongoose\lib\schemaType.js:1407:9
    at process.processTicksAndRejections (node:internal/process/task_queues:85:11)
Date: 25/02/2025, Time: 15:18
Error: emailSubject is not defined
Stack Trace: ReferenceError: emailSubject is not defined
    at Object.addComments (D:\MinutesVault\MINUTES-VAULT-NEW\MinutesVaultV2\mom-backendv2\services\actionService.js:118:36)
    at process.processTicksAndRejections (node:internal/process/task_queues:105:5)
    at async actionCommentsCreate (D:\MinutesVault\MINUTES-VAULT-NEW\MinutesVaultV2\mom-backendv2\controllers\actionController.js:11:20)
Date: 25/02/2025, Time: 15:21
Error: emailLogs validation failed: subject: Path `subject` is required., body: Path `body` is required.
Stack Trace: ValidationError: emailLogs validation failed: subject: Path `subject` is required., body: Path `body` is required.
    at Document.invalidate (D:\MinutesVault\MINUTES-VAULT-NEW\MinutesVaultV2\mom-backendv2\node_modules\mongoose\lib\document.js:3329:32)
    at D:\MinutesVault\MINUTES-VAULT-NEW\MinutesVaultV2\mom-backendv2\node_modules\mongoose\lib\document.js:3090:17
    at D:\MinutesVault\MINUTES-VAULT-NEW\MinutesVaultV2\mom-backendv2\node_modules\mongoose\lib\schemaType.js:1407:9
    at process.processTicksAndRejections (node:internal/process/task_queues:85:11)
Date: 25/02/2025, Time: 15:23
Error: emailLogs validation failed: body: Path `body` is required.
Stack Trace: ValidationError: emailLogs validation failed: body: Path `body` is required.
    at Document.invalidate (D:\MinutesVault\MINUTES-VAULT-NEW\MinutesVaultV2\mom-backendv2\node_modules\mongoose\lib\document.js:3329:32)
    at D:\MinutesVault\MINUTES-VAULT-NEW\MinutesVaultV2\mom-backendv2\node_modules\mongoose\lib\document.js:3090:17
    at D:\MinutesVault\MINUTES-VAULT-NEW\MinutesVaultV2\mom-backendv2\node_modules\mongoose\lib\schemaType.js:1407:9
    at process.processTicksAndRejections (node:internal/process/task_queues:85:11)
Date: 25/02/2025, Time: 15:24
Error: emailLogs validation failed: body: Path `body` is required.
Stack Trace: ValidationError: emailLogs validation failed: body: Path `body` is required.
    at Document.invalidate (D:\MinutesVault\MINUTES-VAULT-NEW\MinutesVaultV2\mom-backendv2\node_modules\mongoose\lib\document.js:3329:32)
    at D:\MinutesVault\MINUTES-VAULT-NEW\MinutesVaultV2\mom-backendv2\node_modules\mongoose\lib\document.js:3090:17
    at D:\MinutesVault\MINUTES-VAULT-NEW\MinutesVaultV2\mom-backendv2\node_modules\mongoose\lib\schemaType.js:1407:9
    at process.processTicksAndRejections (node:internal/process/task_queues:85:11)
Date: 25/02/2025, Time: 15:31
Error: emailLogs validation failed: body: Path `body` is required.
Stack Trace: ValidationError: emailLogs validation failed: body: Path `body` is required.
    at Document.invalidate (D:\MinutesVault\MINUTES-VAULT-NEW\MinutesVaultV2\mom-backendv2\node_modules\mongoose\lib\document.js:3329:32)
    at D:\MinutesVault\MINUTES-VAULT-NEW\MinutesVaultV2\mom-backendv2\node_modules\mongoose\lib\document.js:3090:17
    at D:\MinutesVault\MINUTES-VAULT-NEW\MinutesVaultV2\mom-backendv2\node_modules\mongoose\lib\schemaType.js:1407:9
    at process.processTicksAndRejections (node:internal/process/task_queues:85:11)
Date: 25/02/2025, Time: 15:33
Error: emailLogs validation failed: body: Path `body` is required.
Stack Trace: ValidationError: emailLogs validation failed: body: Path `body` is required.
    at Document.invalidate (D:\MinutesVault\MINUTES-VAULT-NEW\MinutesVaultV2\mom-backendv2\node_modules\mongoose\lib\document.js:3329:32)
    at D:\MinutesVault\MINUTES-VAULT-NEW\MinutesVaultV2\mom-backendv2\node_modules\mongoose\lib\document.js:3090:17
    at D:\MinutesVault\MINUTES-VAULT-NEW\MinutesVaultV2\mom-backendv2\node_modules\mongoose\lib\schemaType.js:1407:9
    at process.processTicksAndRejections (node:internal/process/task_queues:85:11)
Date: 25/02/2025, Time: 15:40
Error: emailLogs validation failed: body: Path `body` is required.
Stack Trace: ValidationError: emailLogs validation failed: body: Path `body` is required.
    at Document.invalidate (D:\MinutesVault\MINUTES-VAULT-NEW\MinutesVaultV2\mom-backendv2\node_modules\mongoose\lib\document.js:3329:32)
    at D:\MinutesVault\MINUTES-VAULT-NEW\MinutesVaultV2\mom-backendv2\node_modules\mongoose\lib\document.js:3090:17
    at D:\MinutesVault\MINUTES-VAULT-NEW\MinutesVaultV2\mom-backendv2\node_modules\mongoose\lib\schemaType.js:1407:9
    at process.processTicksAndRejections (node:internal/process/task_queues:85:11)
Date: 25/02/2025, Time: 15:44
Error: emailLogs validation failed: body: Path `body` is required.
Stack Trace: ValidationError: emailLogs validation failed: body: Path `body` is required.
    at Document.invalidate (D:\MinutesVault\MINUTES-VAULT-NEW\MinutesVaultV2\mom-backendv2\node_modules\mongoose\lib\document.js:3329:32)
    at D:\MinutesVault\MINUTES-VAULT-NEW\MinutesVaultV2\mom-backendv2\node_modules\mongoose\lib\document.js:3090:17
    at D:\MinutesVault\MINUTES-VAULT-NEW\MinutesVaultV2\mom-backendv2\node_modules\mongoose\lib\schemaType.js:1407:9
    at process.processTicksAndRejections (node:internal/process/task_queues:85:11)
Date: 25/02/2025, Time: 15:45
Error: Cannot access 'mailData' before initialization
Stack Trace: ReferenceError: Cannot access 'mailData' before initialization
    at Object.addComments (D:\MinutesVault\MINUTES-VAULT-NEW\MinutesVaultV2\mom-backendv2\services\actionService.js:102:48)
    at process.processTicksAndRejections (node:internal/process/task_queues:105:5)
    at async actionCommentsCreate (D:\MinutesVault\MINUTES-VAULT-NEW\MinutesVaultV2\mom-backendv2\controllers\actionController.js:11:20)
Date: 25/02/2025, Time: 15:48
Error: Class constructor ObjectId cannot be invoked without 'new'
Stack Trace: TypeError: Class constructor ObjectId cannot be invoked without 'new'
    at Object.addComments (D:\MinutesVault\MINUTES-VAULT-NEW\MinutesVaultV2\mom-backendv2\services\actionService.js:99:12)
    at process.processTicksAndRejections (node:internal/process/task_queues:105:5)
    at async actionCommentsCreate (D:\MinutesVault\MINUTES-VAULT-NEW\MinutesVaultV2\mom-backendv2\controllers\actionController.js:11:20)
Date: 25/02/2025, Time: 15:57
Error: emailLogs validation failed: body: Path `body` is required.
Stack Trace: ValidationError: emailLogs validation failed: body: Path `body` is required.
    at Document.invalidate (D:\MinutesVault\MINUTES-VAULT-NEW\MinutesVaultV2\mom-backendv2\node_modules\mongoose\lib\document.js:3329:32)
    at D:\MinutesVault\MINUTES-VAULT-NEW\MinutesVaultV2\mom-backendv2\node_modules\mongoose\lib\document.js:3090:17
    at D:\MinutesVault\MINUTES-VAULT-NEW\MinutesVaultV2\mom-backendv2\node_modules\mongoose\lib\schemaType.js:1407:9
    at process.processTicksAndRejections (node:internal/process/task_queues:85:11)
Date: 25/02/2025, Time: 15:58
Error: emailLogs validation failed: body: Path `body` is required.
Stack Trace: ValidationError: emailLogs validation failed: body: Path `body` is required.
    at Document.invalidate (D:\MinutesVault\MINUTES-VAULT-NEW\MinutesVaultV2\mom-backendv2\node_modules\mongoose\lib\document.js:3329:32)
    at D:\MinutesVault\MINUTES-VAULT-NEW\MinutesVaultV2\mom-backendv2\node_modules\mongoose\lib\document.js:3090:17
    at D:\MinutesVault\MINUTES-VAULT-NEW\MinutesVaultV2\mom-backendv2\node_modules\mongoose\lib\schemaType.js:1407:9
    at process.processTicksAndRejections (node:internal/process/task_queues:85:11)
Date: 25/02/2025, Time: 16:07
Error: emailLogs validation failed: body: Path `body` is required.
Stack Trace: ValidationError: emailLogs validation failed: body: Path `body` is required.
    at Document.invalidate (D:\MinutesVault\MINUTES-VAULT-NEW\MinutesVaultV2\mom-backendv2\node_modules\mongoose\lib\document.js:3329:32)
    at D:\MinutesVault\MINUTES-VAULT-NEW\MinutesVaultV2\mom-backendv2\node_modules\mongoose\lib\document.js:3090:17
    at D:\MinutesVault\MINUTES-VAULT-NEW\MinutesVaultV2\mom-backendv2\node_modules\mongoose\lib\schemaType.js:1407:9
    at process.processTicksAndRejections (node:internal/process/task_queues:85:11)
Date: 25/02/2025, Time: 16:18
Error: emailLogs validation failed: body: Path `body` is required.
Stack Trace: ValidationError: emailLogs validation failed: body: Path `body` is required.
    at Document.invalidate (D:\MinutesVault\MINUTES-VAULT-NEW\MinutesVaultV2\mom-backendv2\node_modules\mongoose\lib\document.js:3329:32)
    at D:\MinutesVault\MINUTES-VAULT-NEW\MinutesVaultV2\mom-backendv2\node_modules\mongoose\lib\document.js:3090:17
    at D:\MinutesVault\MINUTES-VAULT-NEW\MinutesVaultV2\mom-backendv2\node_modules\mongoose\lib\schemaType.js:1407:9
    at process.processTicksAndRejections (node:internal/process/task_queues:85:11)
Date: 25/02/2025, Time: 16:19
Error: emailLogs validation failed: body: Path `body` is required.
Stack Trace: ValidationError: emailLogs validation failed: body: Path `body` is required.
    at Document.invalidate (D:\MinutesVault\MINUTES-VAULT-NEW\MinutesVaultV2\mom-backendv2\node_modules\mongoose\lib\document.js:3329:32)
    at D:\MinutesVault\MINUTES-VAULT-NEW\MinutesVaultV2\mom-backendv2\node_modules\mongoose\lib\document.js:3090:17
    at D:\MinutesVault\MINUTES-VAULT-NEW\MinutesVaultV2\mom-backendv2\node_modules\mongoose\lib\schemaType.js:1407:9
    at process.processTicksAndRejections (node:internal/process/task_queues:85:11)
Date: 25/02/2025, Time: 16:21
Error: emailLogs validation failed: body: Path `body` is required.
Stack Trace: ValidationError: emailLogs validation failed: body: Path `body` is required.
    at Document.invalidate (D:\MinutesVault\MINUTES-VAULT-NEW\MinutesVaultV2\mom-backendv2\node_modules\mongoose\lib\document.js:3329:32)
    at D:\MinutesVault\MINUTES-VAULT-NEW\MinutesVaultV2\mom-backendv2\node_modules\mongoose\lib\document.js:3090:17
    at D:\MinutesVault\MINUTES-VAULT-NEW\MinutesVaultV2\mom-backendv2\node_modules\mongoose\lib\schemaType.js:1407:9
    at process.processTicksAndRejections (node:internal/process/task_queues:85:11)
Date: 25/02/2025, Time: 16:22
Error: emailLogs validation failed: body: Path `body` is required.
Stack Trace: ValidationError: emailLogs validation failed: body: Path `body` is required.
    at Document.invalidate (D:\MinutesVault\MINUTES-VAULT-NEW\MinutesVaultV2\mom-backendv2\node_modules\mongoose\lib\document.js:3329:32)
    at D:\MinutesVault\MINUTES-VAULT-NEW\MinutesVaultV2\mom-backendv2\node_modules\mongoose\lib\document.js:3090:17
    at D:\MinutesVault\MINUTES-VAULT-NEW\MinutesVaultV2\mom-backendv2\node_modules\mongoose\lib\schemaType.js:1407:9
    at process.processTicksAndRejections (node:internal/process/task_queues:85:11)
Date: 25/02/2025, Time: 16:39
Error: emailLogs validation failed: body: Path `body` is required.
Stack Trace: ValidationError: emailLogs validation failed: body: Path `body` is required.
    at Document.invalidate (D:\MinutesVault\MINUTES-VAULT-NEW\MinutesVaultV2\mom-backendv2\node_modules\mongoose\lib\document.js:3329:32)
    at D:\MinutesVault\MINUTES-VAULT-NEW\MinutesVaultV2\mom-backendv2\node_modules\mongoose\lib\document.js:3090:17
    at D:\MinutesVault\MINUTES-VAULT-NEW\MinutesVaultV2\mom-backendv2\node_modules\mongoose\lib\schemaType.js:1407:9
    at process.processTicksAndRejections (node:internal/process/task_queues:85:11)
Date: 25/02/2025, Time: 16:42
Error: actionId is not defined
Stack Trace: ReferenceError: actionId is not defined
    at Object.addComments (D:\MinutesVault\MINUTES-VAULT-NEW\MinutesVaultV2\mom-backendv2\services\actionService.js:64:54)
    at actionCommentsCreate (D:\MinutesVault\MINUTES-VAULT-NEW\MinutesVaultV2\mom-backendv2\controllers\actionController.js:11:40)
    at Layer.handle [as handle_request] (D:\MinutesVault\MINUTES-VAULT-NEW\MinutesVaultV2\mom-backendv2\node_modules\express\lib\router\layer.js:95:5)
    at next (D:\MinutesVault\MINUTES-VAULT-NEW\MinutesVaultV2\mom-backendv2\node_modules\express\lib\router\route.js:149:13)
    at verifyUserToken (D:\MinutesVault\MINUTES-VAULT-NEW\MinutesVaultV2\mom-backendv2\middlewares\authMiddleware.js:29:7)
    at process.processTicksAndRejections (node:internal/process/task_queues:105:5)
Date: 25/02/2025, Time: 16:46
Error: emailLogs validation failed: body: Path `body` is required.
Stack Trace: ValidationError: emailLogs validation failed: body: Path `body` is required.
    at Document.invalidate (D:\MinutesVault\MINUTES-VAULT-NEW\MinutesVaultV2\mom-backendv2\node_modules\mongoose\lib\document.js:3329:32)
    at D:\MinutesVault\MINUTES-VAULT-NEW\MinutesVaultV2\mom-backendv2\node_modules\mongoose\lib\document.js:3090:17
    at D:\MinutesVault\MINUTES-VAULT-NEW\MinutesVaultV2\mom-backendv2\node_modules\mongoose\lib\schemaType.js:1407:9
    at process.processTicksAndRejections (node:internal/process/task_queues:85:11)
Date: 25/02/2025, Time: 16:53
Error: Cannot read properties of undefined (reading 'toString')
Stack Trace: TypeError: Cannot read properties of undefined (reading 'toString')
    at D:\MinutesVault\MINUTES-VAULT-NEW\MinutesVaultV2\mom-backendv2\services\meetingService.js:1247:41
    at Array.map (<anonymous>)
    at Object.viewMeeting (D:\MinutesVault\MINUTES-VAULT-NEW\MinutesVaultV2\mom-backendv2\services\meetingService.js:1229:33)
    at process.processTicksAndRejections (node:internal/process/task_queues:105:5)
    at async Object.addComments (D:\MinutesVault\MINUTES-VAULT-NEW\MinutesVaultV2\mom-backendv2\services\actionService.js:86:26)
    at async actionCommentsCreate (D:\MinutesVault\MINUTES-VAULT-NEW\MinutesVaultV2\mom-backendv2\controllers\actionController.js:11:20)
Date: 25/02/2025, Time: 16:54
Error: Cannot read properties of undefined (reading 'toString')
Stack Trace: TypeError: Cannot read properties of undefined (reading 'toString')
    at D:\MinutesVault\MINUTES-VAULT-NEW\MinutesVaultV2\mom-backendv2\services\meetingService.js:1247:41
    at Array.map (<anonymous>)
    at Object.viewMeeting (D:\MinutesVault\MINUTES-VAULT-NEW\MinutesVaultV2\mom-backendv2\services\meetingService.js:1229:33)
    at process.processTicksAndRejections (node:internal/process/task_queues:105:5)
    at async Object.addComments (D:\MinutesVault\MINUTES-VAULT-NEW\MinutesVaultV2\mom-backendv2\services\actionService.js:86:26)
    at async actionCommentsCreate (D:\MinutesVault\MINUTES-VAULT-NEW\MinutesVaultV2\mom-backendv2\controllers\actionController.js:11:20)
Date: 25/02/2025, Time: 16:56
Error: Cannot read properties of undefined (reading 'toString')
Stack Trace: TypeError: Cannot read properties of undefined (reading 'toString')
    at D:\MinutesVault\MINUTES-VAULT-NEW\MinutesVaultV2\mom-backendv2\services\meetingService.js:1247:41
    at Array.map (<anonymous>)
    at Object.viewMeeting (D:\MinutesVault\MINUTES-VAULT-NEW\MinutesVaultV2\mom-backendv2\services\meetingService.js:1229:33)
    at process.processTicksAndRejections (node:internal/process/task_queues:105:5)
    at async Object.addComments (D:\MinutesVault\MINUTES-VAULT-NEW\MinutesVaultV2\mom-backendv2\services\actionService.js:86:26)
    at async actionCommentsCreate (D:\MinutesVault\MINUTES-VAULT-NEW\MinutesVaultV2\mom-backendv2\controllers\actionController.js:11:20)
Date: 25/02/2025, Time: 16:59
Error: emailLogs validation failed: body: Path `body` is required.
Stack Trace: ValidationError: emailLogs validation failed: body: Path `body` is required.
    at Document.invalidate (D:\MinutesVault\MINUTES-VAULT-NEW\MinutesVaultV2\mom-backendv2\node_modules\mongoose\lib\document.js:3329:32)
    at D:\MinutesVault\MINUTES-VAULT-NEW\MinutesVaultV2\mom-backendv2\node_modules\mongoose\lib\document.js:3090:17
    at D:\MinutesVault\MINUTES-VAULT-NEW\MinutesVaultV2\mom-backendv2\node_modules\mongoose\lib\schemaType.js:1407:9
    at process.processTicksAndRejections (node:internal/process/task_queues:85:11)
Date: 25/02/2025, Time: 17:10
Error: emailLogs validation failed: body: Path `body` is required.
Stack Trace: ValidationError: emailLogs validation failed: body: Path `body` is required.
    at Document.invalidate (D:\MinutesVault\MINUTES-VAULT-NEW\MinutesVaultV2\mom-backendv2\node_modules\mongoose\lib\document.js:3329:32)
    at D:\MinutesVault\MINUTES-VAULT-NEW\MinutesVaultV2\mom-backendv2\node_modules\mongoose\lib\document.js:3090:17
    at D:\MinutesVault\MINUTES-VAULT-NEW\MinutesVaultV2\mom-backendv2\node_modules\mongoose\lib\schemaType.js:1407:9
    at process.processTicksAndRejections (node:internal/process/task_queues:85:11)
Date: 25/02/2025, Time: 17:15
Error: emailLogs validation failed: body: Path `body` is required.
Stack Trace: ValidationError: emailLogs validation failed: body: Path `body` is required.
    at Document.invalidate (D:\MinutesVault\MINUTES-VAULT-NEW\MinutesVaultV2\mom-backendv2\node_modules\mongoose\lib\document.js:3329:32)
    at D:\MinutesVault\MINUTES-VAULT-NEW\MinutesVaultV2\mom-backendv2\node_modules\mongoose\lib\document.js:3090:17
    at D:\MinutesVault\MINUTES-VAULT-NEW\MinutesVaultV2\mom-backendv2\node_modules\mongoose\lib\schemaType.js:1407:9
    at process.processTicksAndRejections (node:internal/process/task_queues:85:11)
Date: 25/02/2025, Time: 17:20
Error: emailLogs validation failed: body: Path `body` is required.
Stack Trace: ValidationError: emailLogs validation failed: body: Path `body` is required.
    at Document.invalidate (D:\MinutesVault\MINUTES-VAULT-NEW\MinutesVaultV2\mom-backendv2\node_modules\mongoose\lib\document.js:3329:32)
    at D:\MinutesVault\MINUTES-VAULT-NEW\MinutesVaultV2\mom-backendv2\node_modules\mongoose\lib\document.js:3090:17
    at D:\MinutesVault\MINUTES-VAULT-NEW\MinutesVaultV2\mom-backendv2\node_modules\mongoose\lib\schemaType.js:1407:9
    at process.processTicksAndRejections (node:internal/process/task_queues:85:11)
Date: 25/02/2025, Time: 17:26
Error: Cannot read properties of undefined (reading 'split')
Stack Trace: TypeError: Cannot read properties of undefined (reading 'split')
    at Object.convertFirstLetterOfFullNameToCapital (D:\MinutesVault\MINUTES-VAULT-NEW\MinutesVaultV2\mom-backendv2\helpers\commonHelper.js:376:30)
    at Object.sendCommentEmailTemplate (D:\MinutesVault\MINUTES-VAULT-NEW\MinutesVaultV2\mom-backendv2\emailSetUp\dynamicEmailTemplate.js:2416:20)
    at process.processTicksAndRejections (node:internal/process/task_queues:105:5)
    at async Object.addComments (D:\MinutesVault\MINUTES-VAULT-NEW\MinutesVaultV2\mom-backendv2\services\actionService.js:107:20)
    at async actionCommentsCreate (D:\MinutesVault\MINUTES-VAULT-NEW\MinutesVaultV2\mom-backendv2\controllers\actionController.js:11:20)
Date: 25/02/2025, Time: 17:27
Error: Cannot read properties of undefined (reading 'split')
Stack Trace: TypeError: Cannot read properties of undefined (reading 'split')
    at Object.convertFirstLetterOfFullNameToCapital (D:\MinutesVault\MINUTES-VAULT-NEW\MinutesVaultV2\mom-backendv2\helpers\commonHelper.js:376:30)
    at Object.sendCommentEmailTemplate (D:\MinutesVault\MINUTES-VAULT-NEW\MinutesVaultV2\mom-backendv2\emailSetUp\dynamicEmailTemplate.js:2416:20)
    at process.processTicksAndRejections (node:internal/process/task_queues:105:5)
    at async Object.addComments (D:\MinutesVault\MINUTES-VAULT-NEW\MinutesVaultV2\mom-backendv2\services\actionService.js:107:20)
    at async actionCommentsCreate (D:\MinutesVault\MINUTES-VAULT-NEW\MinutesVaultV2\mom-backendv2\controllers\actionController.js:11:20)
Date: 25/02/2025, Time: 17:29
Error: Cannot read properties of undefined (reading 'split')
Stack Trace: TypeError: Cannot read properties of undefined (reading 'split')
    at Object.convertFirstLetterOfFullNameToCapital (D:\MinutesVault\MINUTES-VAULT-NEW\MinutesVaultV2\mom-backendv2\helpers\commonHelper.js:376:30)
    at Object.sendCommentEmailTemplate (D:\MinutesVault\MINUTES-VAULT-NEW\MinutesVaultV2\mom-backendv2\emailSetUp\dynamicEmailTemplate.js:2416:20)
    at process.processTicksAndRejections (node:internal/process/task_queues:105:5)
    at async Object.addComments (D:\MinutesVault\MINUTES-VAULT-NEW\MinutesVaultV2\mom-backendv2\services\actionService.js:107:20)
    at async actionCommentsCreate (D:\MinutesVault\MINUTES-VAULT-NEW\MinutesVaultV2\mom-backendv2\controllers\actionController.js:11:20)
Date: 25/02/2025, Time: 17:29
Error: Cannot read properties of undefined (reading 'split')
Stack Trace: TypeError: Cannot read properties of undefined (reading 'split')
    at Object.convertFirstLetterOfFullNameToCapital (D:\MinutesVault\MINUTES-VAULT-NEW\MinutesVaultV2\mom-backendv2\helpers\commonHelper.js:376:30)
    at Object.sendCommentEmailTemplate (D:\MinutesVault\MINUTES-VAULT-NEW\MinutesVaultV2\mom-backendv2\emailSetUp\dynamicEmailTemplate.js:2416:20)
    at process.processTicksAndRejections (node:internal/process/task_queues:105:5)
    at async Object.addComments (D:\MinutesVault\MINUTES-VAULT-NEW\MinutesVaultV2\mom-backendv2\services\actionService.js:107:20)
    at async actionCommentsCreate (D:\MinutesVault\MINUTES-VAULT-NEW\MinutesVaultV2\mom-backendv2\controllers\actionController.js:11:20)
Date: 25/02/2025, Time: 17:31
Error: Cannot read properties of undefined (reading 'split')
Stack Trace: TypeError: Cannot read properties of undefined (reading 'split')
    at Object.convertFirstLetterOfFullNameToCapital (D:\MinutesVault\MINUTES-VAULT-NEW\MinutesVaultV2\mom-backendv2\helpers\commonHelper.js:376:30)
    at Object.sendCommentEmailTemplate (D:\MinutesVault\MINUTES-VAULT-NEW\MinutesVaultV2\mom-backendv2\emailSetUp\dynamicEmailTemplate.js:2416:20)
    at process.processTicksAndRejections (node:internal/process/task_queues:105:5)
    at async Object.addComments (D:\MinutesVault\MINUTES-VAULT-NEW\MinutesVaultV2\mom-backendv2\services\actionService.js:107:20)
    at async actionCommentsCreate (D:\MinutesVault\MINUTES-VAULT-NEW\MinutesVaultV2\mom-backendv2\controllers\actionController.js:11:20)
Date: 25/02/2025, Time: 17:35
Error: emailLogs validation failed: body: Path `body` is required.
Stack Trace: ValidationError: emailLogs validation failed: body: Path `body` is required.
    at Document.invalidate (D:\MinutesVault\MINUTES-VAULT-NEW\MinutesVaultV2\mom-backendv2\node_modules\mongoose\lib\document.js:3329:32)
    at D:\MinutesVault\MINUTES-VAULT-NEW\MinutesVaultV2\mom-backendv2\node_modules\mongoose\lib\document.js:3090:17
    at D:\MinutesVault\MINUTES-VAULT-NEW\MinutesVaultV2\mom-backendv2\node_modules\mongoose\lib\schemaType.js:1407:9
    at process.processTicksAndRejections (node:internal/process/task_queues:85:11)
Date: 25/02/2025, Time: 17:37
Error: emailLogs validation failed: body: Path `body` is required.
Stack Trace: ValidationError: emailLogs validation failed: body: Path `body` is required.
    at Document.invalidate (D:\MinutesVault\MINUTES-VAULT-NEW\MinutesVaultV2\mom-backendv2\node_modules\mongoose\lib\document.js:3329:32)
    at D:\MinutesVault\MINUTES-VAULT-NEW\MinutesVaultV2\mom-backendv2\node_modules\mongoose\lib\document.js:3090:17
    at D:\MinutesVault\MINUTES-VAULT-NEW\MinutesVaultV2\mom-backendv2\node_modules\mongoose\lib\schemaType.js:1407:9
    at process.processTicksAndRejections (node:internal/process/task_queues:85:11)
Date: 25/02/2025, Time: 17:40
Error: emailLogs validation failed: body: Path `body` is required.
Stack Trace: ValidationError: emailLogs validation failed: body: Path `body` is required.
    at Document.invalidate (D:\MinutesVault\MINUTES-VAULT-NEW\MinutesVaultV2\mom-backendv2\node_modules\mongoose\lib\document.js:3329:32)
    at D:\MinutesVault\MINUTES-VAULT-NEW\MinutesVaultV2\mom-backendv2\node_modules\mongoose\lib\document.js:3090:17
    at D:\MinutesVault\MINUTES-VAULT-NEW\MinutesVaultV2\mom-backendv2\node_modules\mongoose\lib\schemaType.js:1407:9
    at process.processTicksAndRejections (node:internal/process/task_queues:85:11)
Date: 25/02/2025, Time: 17:42
Error: emailLogs validation failed: body: Path `body` is required.
Stack Trace: ValidationError: emailLogs validation failed: body: Path `body` is required.
    at Document.invalidate (D:\MinutesVault\MINUTES-VAULT-NEW\MinutesVaultV2\mom-backendv2\node_modules\mongoose\lib\document.js:3329:32)
    at D:\MinutesVault\MINUTES-VAULT-NEW\MinutesVaultV2\mom-backendv2\node_modules\mongoose\lib\document.js:3090:17
    at D:\MinutesVault\MINUTES-VAULT-NEW\MinutesVaultV2\mom-backendv2\node_modules\mongoose\lib\schemaType.js:1407:9
    at process.processTicksAndRejections (node:internal/process/task_queues:85:11)
Date: 25/02/2025, Time: 17:47
Error: emailLogs validation failed: body: Path `body` is required.
Stack Trace: ValidationError: emailLogs validation failed: body: Path `body` is required.
    at Document.invalidate (D:\MinutesVault\MINUTES-VAULT-NEW\MinutesVaultV2\mom-backendv2\node_modules\mongoose\lib\document.js:3329:32)
    at D:\MinutesVault\MINUTES-VAULT-NEW\MinutesVaultV2\mom-backendv2\node_modules\mongoose\lib\document.js:3090:17
    at D:\MinutesVault\MINUTES-VAULT-NEW\MinutesVaultV2\mom-backendv2\node_modules\mongoose\lib\schemaType.js:1407:9
    at process.processTicksAndRejections (node:internal/process/task_queues:85:11)
Date: 25/02/2025, Time: 17:49
Error: Cast to ObjectId failed for value "{
  actionId: '67bd61ad542c8a6f4ec69ce6',
  userId: '67a9dbedf64501539c6eddcd',
  commentDescription: ' Comments 20 for Testing'
}" (type Object) at path "_id" for model "Minutes"
Stack Trace: CastError: Cast to ObjectId failed for value "{
  actionId: '67bd61ad542c8a6f4ec69ce6',
  userId: '67a9dbedf64501539c6eddcd',
  commentDescription: ' Comments 20 for Testing'
}" (type Object) at path "_id" for model "Minutes"
    at SchemaObjectId.cast (D:\MinutesVault\MINUTES-VAULT-NEW\MinutesVaultV2\mom-backendv2\node_modules\mongoose\lib\schema\objectId.js:251:11)
    at SchemaType.applySetters (D:\MinutesVault\MINUTES-VAULT-NEW\MinutesVaultV2\mom-backendv2\node_modules\mongoose\lib\schemaType.js:1255:12)
    at SchemaType.castForQuery (D:\MinutesVault\MINUTES-VAULT-NEW\MinutesVaultV2\mom-backendv2\node_modules\mongoose\lib\schemaType.js:1673:17)
    at cast (D:\MinutesVault\MINUTES-VAULT-NEW\MinutesVaultV2\mom-backendv2\node_modules\mongoose\lib\cast.js:319:34)
    at Query.cast (D:\MinutesVault\MINUTES-VAULT-NEW\MinutesVaultV2\mom-backendv2\node_modules\mongoose\lib\query.js:4907:12)
    at Query._castConditions (D:\MinutesVault\MINUTES-VAULT-NEW\MinutesVaultV2\mom-backendv2\node_modules\mongoose\lib\query.js:2325:10)
    at model.Query._findOne (D:\MinutesVault\MINUTES-VAULT-NEW\MinutesVaultV2\mom-backendv2\node_modules\mongoose\lib\query.js:2648:8)
    at model.Query.exec (D:\MinutesVault\MINUTES-VAULT-NEW\MinutesVaultV2\mom-backendv2\node_modules\mongoose\lib\query.js:4456:80)
    at process.processTicksAndRejections (node:internal/process/task_queues:105:5)
    at async Object.addComments (D:\MinutesVault\MINUTES-VAULT-NEW\MinutesVaultV2\mom-backendv2\services\actionService.js:64:25)
Date: 25/02/2025, Time: 17:56
Error: emailLogs validation failed: body: Path `body` is required.
Stack Trace: ValidationError: emailLogs validation failed: body: Path `body` is required.
    at Document.invalidate (D:\MinutesVault\MINUTES-VAULT-NEW\MinutesVaultV2\mom-backendv2\node_modules\mongoose\lib\document.js:3329:32)
    at D:\MinutesVault\MINUTES-VAULT-NEW\MinutesVaultV2\mom-backendv2\node_modules\mongoose\lib\document.js:3090:17
    at D:\MinutesVault\MINUTES-VAULT-NEW\MinutesVaultV2\mom-backendv2\node_modules\mongoose\lib\schemaType.js:1407:9
    at process.processTicksAndRejections (node:internal/process/task_queues:85:11)
Date: 25/02/2025, Time: 18:01
Error: emailLogs validation failed: body: Path `body` is required.
Stack Trace: ValidationError: emailLogs validation failed: body: Path `body` is required.
    at Document.invalidate (D:\MinutesVault\MINUTES-VAULT-NEW\MinutesVaultV2\mom-backendv2\node_modules\mongoose\lib\document.js:3329:32)
    at D:\MinutesVault\MINUTES-VAULT-NEW\MinutesVaultV2\mom-backendv2\node_modules\mongoose\lib\document.js:3090:17
    at D:\MinutesVault\MINUTES-VAULT-NEW\MinutesVaultV2\mom-backendv2\node_modules\mongoose\lib\schemaType.js:1407:9
    at process.processTicksAndRejections (node:internal/process/task_queues:85:11)
Date: 25/02/2025, Time: 18:04
Error: "userId" is required
Stack Trace: ValidationError: "userId" is required
Date: 25/02/2025, Time: 18:04
Error: emailLogs validation failed: body: Path `body` is required.
Stack Trace: ValidationError: emailLogs validation failed: body: Path `body` is required.
    at Document.invalidate (D:\MinutesVault\MINUTES-VAULT-NEW\MinutesVaultV2\mom-backendv2\node_modules\mongoose\lib\document.js:3329:32)
    at D:\MinutesVault\MINUTES-VAULT-NEW\MinutesVaultV2\mom-backendv2\node_modules\mongoose\lib\document.js:3090:17
    at D:\MinutesVault\MINUTES-VAULT-NEW\MinutesVaultV2\mom-backendv2\node_modules\mongoose\lib\schemaType.js:1407:9
    at process.processTicksAndRejections (node:internal/process/task_queues:85:11)
Date: 25/02/2025, Time: 18:11
Error: emailLogs validation failed: body: Path `body` is required.
Stack Trace: ValidationError: emailLogs validation failed: body: Path `body` is required.
    at Document.invalidate (D:\MinutesVault\MINUTES-VAULT-NEW\MinutesVaultV2\mom-backendv2\node_modules\mongoose\lib\document.js:3329:32)
    at D:\MinutesVault\MINUTES-VAULT-NEW\MinutesVaultV2\mom-backendv2\node_modules\mongoose\lib\document.js:3090:17
    at D:\MinutesVault\MINUTES-VAULT-NEW\MinutesVaultV2\mom-backendv2\node_modules\mongoose\lib\schemaType.js:1407:9
    at process.processTicksAndRejections (node:internal/process/task_queues:85:11)
Date: 25/02/2025, Time: 18:12
Error: emailLogs validation failed: body: Path `body` is required.
Stack Trace: ValidationError: emailLogs validation failed: body: Path `body` is required.
    at Document.invalidate (D:\MinutesVault\MINUTES-VAULT-NEW\MinutesVaultV2\mom-backendv2\node_modules\mongoose\lib\document.js:3329:32)
    at D:\MinutesVault\MINUTES-VAULT-NEW\MinutesVaultV2\mom-backendv2\node_modules\mongoose\lib\document.js:3090:17
    at D:\MinutesVault\MINUTES-VAULT-NEW\MinutesVaultV2\mom-backendv2\node_modules\mongoose\lib\schemaType.js:1407:9
    at process.processTicksAndRejections (node:internal/process/task_queues:85:11)
Date: 25/02/2025, Time: 18:19
Error: emailLogs validation failed: body: Path `body` is required.
Stack Trace: ValidationError: emailLogs validation failed: body: Path `body` is required.
    at Document.invalidate (D:\MinutesVault\MINUTES-VAULT-NEW\MinutesVaultV2\mom-backendv2\node_modules\mongoose\lib\document.js:3329:32)
    at D:\MinutesVault\MINUTES-VAULT-NEW\MinutesVaultV2\mom-backendv2\node_modules\mongoose\lib\document.js:3090:17
    at D:\MinutesVault\MINUTES-VAULT-NEW\MinutesVaultV2\mom-backendv2\node_modules\mongoose\lib\schemaType.js:1407:9
    at process.processTicksAndRejections (node:internal/process/task_queues:85:11)
Date: 25/02/2025, Time: 18:21
Error: emailLogs validation failed: body: Path `body` is required.
Stack Trace: ValidationError: emailLogs validation failed: body: Path `body` is required.
    at Document.invalidate (D:\MinutesVault\MINUTES-VAULT-NEW\MinutesVaultV2\mom-backendv2\node_modules\mongoose\lib\document.js:3329:32)
    at D:\MinutesVault\MINUTES-VAULT-NEW\MinutesVaultV2\mom-backendv2\node_modules\mongoose\lib\document.js:3090:17
    at D:\MinutesVault\MINUTES-VAULT-NEW\MinutesVaultV2\mom-backendv2\node_modules\mongoose\lib\schemaType.js:1407:9
    at process.processTicksAndRejections (node:internal/process/task_queues:85:11)
Date: 25/02/2025, Time: 18:26
Error: emailLogs validation failed: body: Path `body` is required.
Stack Trace: ValidationError: emailLogs validation failed: body: Path `body` is required.
    at Document.invalidate (D:\MinutesVault\MINUTES-VAULT-NEW\MinutesVaultV2\mom-backendv2\node_modules\mongoose\lib\document.js:3329:32)
    at D:\MinutesVault\MINUTES-VAULT-NEW\MinutesVaultV2\mom-backendv2\node_modules\mongoose\lib\document.js:3090:17
    at D:\MinutesVault\MINUTES-VAULT-NEW\MinutesVaultV2\mom-backendv2\node_modules\mongoose\lib\schemaType.js:1407:9
    at process.processTicksAndRejections (node:internal/process/task_queues:85:11)
Date: 25/02/2025, Time: 18:31
Error: emailLogs validation failed: body: Path `body` is required.
Stack Trace: ValidationError: emailLogs validation failed: body: Path `body` is required.
    at Document.invalidate (D:\MinutesVault\MINUTES-VAULT-NEW\MinutesVaultV2\mom-backendv2\node_modules\mongoose\lib\document.js:3329:32)
    at D:\MinutesVault\MINUTES-VAULT-NEW\MinutesVaultV2\mom-backendv2\node_modules\mongoose\lib\document.js:3090:17
    at D:\MinutesVault\MINUTES-VAULT-NEW\MinutesVaultV2\mom-backendv2\node_modules\mongoose\lib\schemaType.js:1407:9
    at process.processTicksAndRejections (node:internal/process/task_queues:85:11)
Date: 25/02/2025, Time: 18:41
Error: emailLogs validation failed: body: Path `body` is required.
Stack Trace: ValidationError: emailLogs validation failed: body: Path `body` is required.
    at Document.invalidate (D:\MinutesVault\MINUTES-VAULT-NEW\MinutesVaultV2\mom-backendv2\node_modules\mongoose\lib\document.js:3329:32)
    at D:\MinutesVault\MINUTES-VAULT-NEW\MinutesVaultV2\mom-backendv2\node_modules\mongoose\lib\document.js:3090:17
    at D:\MinutesVault\MINUTES-VAULT-NEW\MinutesVaultV2\mom-backendv2\node_modules\mongoose\lib\schemaType.js:1407:9
    at process.processTicksAndRejections (node:internal/process/task_queues:85:11)
Date: 25/02/2025, Time: 18:49
Error: emailLogs validation failed: body: Path `body` is required.
Stack Trace: ValidationError: emailLogs validation failed: body: Path `body` is required.
    at Document.invalidate (D:\MinutesVault\MINUTES-VAULT-NEW\MinutesVaultV2\mom-backendv2\node_modules\mongoose\lib\document.js:3329:32)
    at D:\MinutesVault\MINUTES-VAULT-NEW\MinutesVaultV2\mom-backendv2\node_modules\mongoose\lib\document.js:3090:17
    at D:\MinutesVault\MINUTES-VAULT-NEW\MinutesVaultV2\mom-backendv2\node_modules\mongoose\lib\schemaType.js:1407:9
    at process.processTicksAndRejections (node:internal/process/task_queues:85:11)
Date: 25/02/2025, Time: 18:53
Error: emailLogs validation failed: body: Path `body` is required.
Stack Trace: ValidationError: emailLogs validation failed: body: Path `body` is required.
    at Document.invalidate (D:\MinutesVault\MINUTES-VAULT-NEW\MinutesVaultV2\mom-backendv2\node_modules\mongoose\lib\document.js:3329:32)
    at D:\MinutesVault\MINUTES-VAULT-NEW\MinutesVaultV2\mom-backendv2\node_modules\mongoose\lib\document.js:3090:17
    at D:\MinutesVault\MINUTES-VAULT-NEW\MinutesVaultV2\mom-backendv2\node_modules\mongoose\lib\schemaType.js:1407:9
    at process.processTicksAndRejections (node:internal/process/task_queues:85:11)
Date: 25/02/2025, Time: 19:02
Error: emailLogs validation failed: body: Path `body` is required.
Stack Trace: ValidationError: emailLogs validation failed: body: Path `body` is required.
    at Document.invalidate (D:\MinutesVault\MINUTES-VAULT-NEW\MinutesVaultV2\mom-backendv2\node_modules\mongoose\lib\document.js:3329:32)
    at D:\MinutesVault\MINUTES-VAULT-NEW\MinutesVaultV2\mom-backendv2\node_modules\mongoose\lib\document.js:3090:17
    at D:\MinutesVault\MINUTES-VAULT-NEW\MinutesVaultV2\mom-backendv2\node_modules\mongoose\lib\schemaType.js:1407:9
    at process.processTicksAndRejections (node:internal/process/task_queues:85:11)
Date: 25/02/2025, Time: 19:02
Error: emailLogs validation failed: body: Path `body` is required.
Stack Trace: ValidationError: emailLogs validation failed: body: Path `body` is required.
    at Document.invalidate (D:\MinutesVault\MINUTES-VAULT-NEW\MinutesVaultV2\mom-backendv2\node_modules\mongoose\lib\document.js:3329:32)
    at D:\MinutesVault\MINUTES-VAULT-NEW\MinutesVaultV2\mom-backendv2\node_modules\mongoose\lib\document.js:3090:17
    at D:\MinutesVault\MINUTES-VAULT-NEW\MinutesVaultV2\mom-backendv2\node_modules\mongoose\lib\schemaType.js:1407:9
    at process.processTicksAndRejections (node:internal/process/task_queues:85:11)
Date: 25/02/2025, Time: 19:03
Error: emailLogs validation failed: body: Path `body` is required.
Stack Trace: ValidationError: emailLogs validation failed: body: Path `body` is required.
    at Document.invalidate (D:\MinutesVault\MINUTES-VAULT-NEW\MinutesVaultV2\mom-backendv2\node_modules\mongoose\lib\document.js:3329:32)
    at D:\MinutesVault\MINUTES-VAULT-NEW\MinutesVaultV2\mom-backendv2\node_modules\mongoose\lib\document.js:3090:17
    at D:\MinutesVault\MINUTES-VAULT-NEW\MinutesVaultV2\mom-backendv2\node_modules\mongoose\lib\schemaType.js:1407:9
    at process.processTicksAndRejections (node:internal/process/task_queues:85:11)
Date: 25/02/2025, Time: 19:12
Error: emailLogs validation failed: body: Path `body` is required.
Stack Trace: ValidationError: emailLogs validation failed: body: Path `body` is required.
    at Document.invalidate (D:\MinutesVault\MINUTES-VAULT-NEW\MinutesVaultV2\mom-backendv2\node_modules\mongoose\lib\document.js:3329:32)
    at D:\MinutesVault\MINUTES-VAULT-NEW\MinutesVaultV2\mom-backendv2\node_modules\mongoose\lib\document.js:3090:17
    at D:\MinutesVault\MINUTES-VAULT-NEW\MinutesVaultV2\mom-backendv2\node_modules\mongoose\lib\schemaType.js:1407:9
    at process.processTicksAndRejections (node:internal/process/task_queues:85:11)
Date: 25/02/2025, Time: 19:16
Error: emailLogs validation failed: body: Path `body` is required.
Stack Trace: ValidationError: emailLogs validation failed: body: Path `body` is required.
    at Document.invalidate (D:\MinutesVault\MINUTES-VAULT-NEW\MinutesVaultV2\mom-backendv2\node_modules\mongoose\lib\document.js:3329:32)
    at D:\MinutesVault\MINUTES-VAULT-NEW\MinutesVaultV2\mom-backendv2\node_modules\mongoose\lib\document.js:3090:17
    at D:\MinutesVault\MINUTES-VAULT-NEW\MinutesVaultV2\mom-backendv2\node_modules\mongoose\lib\schemaType.js:1407:9
    at process.processTicksAndRejections (node:internal/process/task_queues:85:11)
Date: 27/02/2025, Time: 09:58
Error: emailLogs validation failed: body: Path `body` is required.
Stack Trace: ValidationError: emailLogs validation failed: body: Path `body` is required.
    at Document.invalidate (D:\MinutesVault\MINUTES-VAULT-NEW\MinutesVaultV2\mom-backendv2\node_modules\mongoose\lib\document.js:3329:32)
    at D:\MinutesVault\MINUTES-VAULT-NEW\MinutesVaultV2\mom-backendv2\node_modules\mongoose\lib\document.js:3090:17
    at D:\MinutesVault\MINUTES-VAULT-NEW\MinutesVaultV2\mom-backendv2\node_modules\mongoose\lib\schemaType.js:1407:9
    at process.processTicksAndRejections (node:internal/process/task_queues:85:11)
Date: 27/02/2025, Time: 10:02
Error: emailLogs validation failed: body: Path `body` is required.
Stack Trace: ValidationError: emailLogs validation failed: body: Path `body` is required.
    at Document.invalidate (D:\MinutesVault\MINUTES-VAULT-NEW\MinutesVaultV2\mom-backendv2\node_modules\mongoose\lib\document.js:3329:32)
    at D:\MinutesVault\MINUTES-VAULT-NEW\MinutesVaultV2\mom-backendv2\node_modules\mongoose\lib\document.js:3090:17
    at D:\MinutesVault\MINUTES-VAULT-NEW\MinutesVaultV2\mom-backendv2\node_modules\mongoose\lib\schemaType.js:1407:9
    at process.processTicksAndRejections (node:internal/process/task_queues:85:11)
Date: 27/02/2025, Time: 10:05
Error: emailLogs validation failed: body: Path `body` is required.
Stack Trace: ValidationError: emailLogs validation failed: body: Path `body` is required.
    at Document.invalidate (D:\MinutesVault\MINUTES-VAULT-NEW\MinutesVaultV2\mom-backendv2\node_modules\mongoose\lib\document.js:3329:32)
    at D:\MinutesVault\MINUTES-VAULT-NEW\MinutesVaultV2\mom-backendv2\node_modules\mongoose\lib\document.js:3090:17
    at D:\MinutesVault\MINUTES-VAULT-NEW\MinutesVaultV2\mom-backendv2\node_modules\mongoose\lib\schemaType.js:1407:9
    at process.processTicksAndRejections (node:internal/process/task_queues:85:11)
Date: 27/02/2025, Time: 10:06
Error: emailLogs validation failed: body: Path `body` is required.
Stack Trace: ValidationError: emailLogs validation failed: body: Path `body` is required.
    at Document.invalidate (D:\MinutesVault\MINUTES-VAULT-NEW\MinutesVaultV2\mom-backendv2\node_modules\mongoose\lib\document.js:3329:32)
    at D:\MinutesVault\MINUTES-VAULT-NEW\MinutesVaultV2\mom-backendv2\node_modules\mongoose\lib\document.js:3090:17
    at D:\MinutesVault\MINUTES-VAULT-NEW\MinutesVaultV2\mom-backendv2\node_modules\mongoose\lib\schemaType.js:1407:9
    at process.processTicksAndRejections (node:internal/process/task_queues:85:11)
Date: 27/02/2025, Time: 10:22
Error: Schema hasn't been registered for model "Employee".
Use mongoose.model(name, schema)
Stack Trace: MissingSchemaError: Schema hasn't been registered for model "Employee".
Use mongoose.model(name, schema)
    at NativeConnection.model (D:\MinutesVault\MINUTES-VAULT-NEW\MinutesVaultV2\mom-backendv2\node_modules\mongoose\lib\connection.js:1489:13)
    at _getModelFromConn (D:\MinutesVault\MINUTES-VAULT-NEW\MinutesVaultV2\mom-backendv2\node_modules\mongoose\lib\helpers\populate\getModelsMapForPopulate.js:579:15)
    at addModelNamesToMap (D:\MinutesVault\MINUTES-VAULT-NEW\MinutesVaultV2\mom-backendv2\node_modules\mongoose\lib\helpers\populate\getModelsMapForPopulate.js:507:17)
    at getModelsMapForPopulate (D:\MinutesVault\MINUTES-VAULT-NEW\MinutesVaultV2\mom-backendv2\node_modules\mongoose\lib\helpers\populate\getModelsMapForPopulate.js:208:7)
    at _populatePath (D:\MinutesVault\MINUTES-VAULT-NEW\MinutesVaultV2\mom-backendv2\node_modules\mongoose\lib\model.js:4435:21)
    at Function.populate (D:\MinutesVault\MINUTES-VAULT-NEW\MinutesVaultV2\mom-backendv2\node_modules\mongoose\lib\model.js:4403:19)
    at model.Query._find (D:\MinutesVault\MINUTES-VAULT-NEW\MinutesVaultV2\mom-backendv2\node_modules\mongoose\lib\query.js:2403:23)
    at process.processTicksAndRejections (node:internal/process/task_queues:105:5)
    at async model.Query.exec (D:\MinutesVault\MINUTES-VAULT-NEW\MinutesVaultV2\mom-backendv2\node_modules\mongoose\lib\query.js:4456:63)
    at async Object.viewActionComment (D:\MinutesVault\MINUTES-VAULT-NEW\MinutesVaultV2\mom-backendv2\services\actionService.js:157:33)
Date: 27/02/2025, Time: 10:34
Error: emailLogs validation failed: body: Path `body` is required.
Stack Trace: ValidationError: emailLogs validation failed: body: Path `body` is required.
    at Document.invalidate (D:\MinutesVault\MINUTES-VAULT-NEW\MinutesVaultV2\mom-backendv2\node_modules\mongoose\lib\document.js:3329:32)
    at D:\MinutesVault\MINUTES-VAULT-NEW\MinutesVaultV2\mom-backendv2\node_modules\mongoose\lib\document.js:3090:17
    at D:\MinutesVault\MINUTES-VAULT-NEW\MinutesVaultV2\mom-backendv2\node_modules\mongoose\lib\schemaType.js:1407:9
    at process.processTicksAndRejections (node:internal/process/task_queues:85:11)
Date: 27/02/2025, Time: 10:42
Error: "userId" is required
Stack Trace: ValidationError: "userId" is required
Date: 27/02/2025, Time: 10:43
Error: emailLogs validation failed: body: Path `body` is required.
Stack Trace: ValidationError: emailLogs validation failed: body: Path `body` is required.
    at Document.invalidate (D:\MinutesVault\MINUTES-VAULT-NEW\MinutesVaultV2\mom-backendv2\node_modules\mongoose\lib\document.js:3329:32)
    at D:\MinutesVault\MINUTES-VAULT-NEW\MinutesVaultV2\mom-backendv2\node_modules\mongoose\lib\document.js:3090:17
    at D:\MinutesVault\MINUTES-VAULT-NEW\MinutesVaultV2\mom-backendv2\node_modules\mongoose\lib\schemaType.js:1407:9
    at process.processTicksAndRejections (node:internal/process/task_queues:85:11)
Date: 27/02/2025, Time: 12:08
Error: commenterDetail is not defined
Stack Trace: ReferenceError: commenterDetail is not defined
    at Object.addComments (D:\MinutesVault\MINUTES-VAULT-NEW\MinutesVaultV2\mom-backendv2\services\actionService.js:94:37)
    at process.processTicksAndRejections (node:internal/process/task_queues:105:5)
    at async actionCommentsCreate (D:\MinutesVault\MINUTES-VAULT-NEW\MinutesVaultV2\mom-backendv2\controllers\actionController.js:11:20)
Date: 27/02/2025, Time: 12:09
Error: Operation `employees.findOne()` buffering timed out after 10000ms
Stack Trace: MongooseError: Operation `employees.findOne()` buffering timed out after 10000ms
    at Timeout.<anonymous> (D:\MinutesVault\MINUTES-VAULT-NEW\MinutesVaultV2\mom-backendv2\node_modules\mongoose\lib\drivers\node-mongodb-native\collection.js:185:23)
    at listOnTimeout (node:internal/timers:594:17)
    at process.processTimers (node:internal/timers:529:7)
Date: 27/02/2025, Time: 12:27
Error: commenterDetail is not defined
Stack Trace: ReferenceError: commenterDetail is not defined
    at Object.addComments (D:\MinutesVault\MINUTES-VAULT-NEW\MinutesVaultV2\mom-backendv2\services\actionService.js:94:37)
    at process.processTicksAndRejections (node:internal/process/task_queues:105:5)
    at async actionCommentsCreate (D:\MinutesVault\MINUTES-VAULT-NEW\MinutesVaultV2\mom-backendv2\controllers\actionController.js:11:20)
Date: 27/02/2025, Time: 12:42
Error: Operation `employees.findOne()` buffering timed out after 10000ms
Stack Trace: MongooseError: Operation `employees.findOne()` buffering timed out after 10000ms
    at Timeout.<anonymous> (D:\MinutesVault\MINUTES-VAULT-NEW\MinutesVaultV2\mom-backendv2\node_modules\mongoose\lib\drivers\node-mongodb-native\collection.js:185:23)
    at listOnTimeout (node:internal/timers:594:17)
    at process.processTimers (node:internal/timers:529:7)
Date: 27/02/2025, Time: 15:45
Error: Cannot read properties of undefined (reading 'toLowerCase')
Stack Trace: TypeError: Cannot read properties of undefined (reading 'toLowerCase')
    at D:\MinutesVault\MINUTES-VAULT-NEW\MinutesVaultV2\mom-backendv2\services\actionService.js:86:59
    at Array.find (<anonymous>)
    at D:\MinutesVault\MINUTES-VAULT-NEW\MinutesVaultV2\mom-backendv2\services\actionService.js:86:28
    at String.replace (<anonymous>)
    at Object.addComments (D:\MinutesVault\MINUTES-VAULT-NEW\MinutesVaultV2\mom-backendv2\services\actionService.js:85:52)
    at process.processTicksAndRejections (node:internal/process/task_queues:105:5)
    at async actionCommentsCreate (D:\MinutesVault\MINUTES-VAULT-NEW\MinutesVaultV2\mom-backendv2\controllers\actionController.js:11:20)
Date: 27/02/2025, Time: 16:07
Error: Cannot read properties of undefined (reading 'find')
Stack Trace: TypeError: Cannot read properties of undefined (reading 'find')
    at D:\MinutesVault\MINUTES-VAULT-NEW\MinutesVaultV2\mom-backendv2\services\actionService.js:90:28
    at String.replace (<anonymous>)
    at Object.addComments (D:\MinutesVault\MINUTES-VAULT-NEW\MinutesVaultV2\mom-backendv2\services\actionService.js:88:43)
    at process.processTicksAndRejections (node:internal/process/task_queues:105:5)
    at async actionCommentsCreate (D:\MinutesVault\MINUTES-VAULT-NEW\MinutesVaultV2\mom-backendv2\controllers\actionController.js:11:20)
Date: 27/02/2025, Time: 16:52
Error: "reAssignedUsers" is required
Stack Trace: ValidationError: "reAssignedUsers" is required
Date: 27/02/2025, Time: 17:20
Error: Cannot read properties of undefined (reading 'split')
Stack Trace: TypeError: Cannot read properties of undefined (reading 'split')
    at Object.convertFirstLetterOfFullNameToCapital (D:\MinutesVault\MINUTES-VAULT-NEW\MinutesVaultV2\mom-backendv2\helpers\commonHelper.js:376:30)
    at Object.sendCommentEmailTemplate (D:\MinutesVault\MINUTES-VAULT-NEW\MinutesVaultV2\mom-backendv2\emailSetUp\dynamicEmailTemplate.js:2415:20)
    at process.processTicksAndRejections (node:internal/process/task_queues:105:5)
    at async Object.addComments (D:\MinutesVault\MINUTES-VAULT-NEW\MinutesVaultV2\mom-backendv2\services\actionService.js:123:20)
    at async actionCommentsCreate (D:\MinutesVault\MINUTES-VAULT-NEW\MinutesVaultV2\mom-backendv2\controllers\actionController.js:11:20)
Date: 27/02/2025, Time: 17:25
Error: Cannot read properties of undefined (reading 'split')
Stack Trace: TypeError: Cannot read properties of undefined (reading 'split')
    at Object.convertFirstLetterOfFullNameToCapital (D:\MinutesVault\MINUTES-VAULT-NEW\MinutesVaultV2\mom-backendv2\helpers\commonHelper.js:376:30)
    at Object.sendCommentEmailTemplate (D:\MinutesVault\MINUTES-VAULT-NEW\MinutesVaultV2\mom-backendv2\emailSetUp\dynamicEmailTemplate.js:2415:20)
    at process.processTicksAndRejections (node:internal/process/task_queues:105:5)
    at async Object.addComments (D:\MinutesVault\MINUTES-VAULT-NEW\MinutesVaultV2\mom-backendv2\services\actionService.js:125:20)
    at async actionCommentsCreate (D:\MinutesVault\MINUTES-VAULT-NEW\MinutesVaultV2\mom-backendv2\controllers\actionController.js:11:20)
Date: 27/02/2025, Time: 17:25
Error: Cannot read properties of undefined (reading 'split')
Stack Trace: TypeError: Cannot read properties of undefined (reading 'split')
    at Object.convertFirstLetterOfFullNameToCapital (D:\MinutesVault\MINUTES-VAULT-NEW\MinutesVaultV2\mom-backendv2\helpers\commonHelper.js:376:30)
    at Object.sendCommentEmailTemplate (D:\MinutesVault\MINUTES-VAULT-NEW\MinutesVaultV2\mom-backendv2\emailSetUp\dynamicEmailTemplate.js:2415:20)
    at process.processTicksAndRejections (node:internal/process/task_queues:105:5)
    at async Object.addComments (D:\MinutesVault\MINUTES-VAULT-NEW\MinutesVaultV2\mom-backendv2\services\actionService.js:125:20)
    at async actionCommentsCreate (D:\MinutesVault\MINUTES-VAULT-NEW\MinutesVaultV2\mom-backendv2\controllers\actionController.js:11:20)
Date: 27/02/2025, Time: 17:30
Error: Cannot read properties of undefined (reading 'split')
Stack Trace: TypeError: Cannot read properties of undefined (reading 'split')
    at Object.convertFirstLetterOfFullNameToCapital (D:\MinutesVault\MINUTES-VAULT-NEW\MinutesVaultV2\mom-backendv2\helpers\commonHelper.js:376:30)
    at Object.sendCommentEmailTemplate (D:\MinutesVault\MINUTES-VAULT-NEW\MinutesVaultV2\mom-backendv2\emailSetUp\dynamicEmailTemplate.js:2415:20)
    at process.processTicksAndRejections (node:internal/process/task_queues:105:5)
    at async Object.addComments (D:\MinutesVault\MINUTES-VAULT-NEW\MinutesVaultV2\mom-backendv2\services\actionService.js:127:20)
    at async actionCommentsCreate (D:\MinutesVault\MINUTES-VAULT-NEW\MinutesVaultV2\mom-backendv2\controllers\actionController.js:11:20)
Date: 27/02/2025, Time: 17:42
Error: Cannot read properties of undefined (reading 'split')
Stack Trace: TypeError: Cannot read properties of undefined (reading 'split')
    at Object.convertFirstLetterOfFullNameToCapital (D:\MinutesVault\MINUTES-VAULT-NEW\MinutesVaultV2\mom-backendv2\helpers\commonHelper.js:376:30)
    at Object.sendCommentEmailTemplate (D:\MinutesVault\MINUTES-VAULT-NEW\MinutesVaultV2\mom-backendv2\emailSetUp\dynamicEmailTemplate.js:2415:20)
    at process.processTicksAndRejections (node:internal/process/task_queues:105:5)
    at async Object.addComments (D:\MinutesVault\MINUTES-VAULT-NEW\MinutesVaultV2\mom-backendv2\services\actionService.js:127:20)
    at async actionCommentsCreate (D:\MinutesVault\MINUTES-VAULT-NEW\MinutesVaultV2\mom-backendv2\controllers\actionController.js:11:20)
Date: 27/02/2025, Time: 17:44
Error: No recipients defined
Stack Trace: Error: No recipients defined
    at SMTPConnection._formatError (D:\MinutesVault\MINUTES-VAULT-NEW\MinutesVaultV2\mom-backendv2\node_modules\nodemailer\lib\smtp-connection\index.js:809:19)
    at SMTPConnection._setEnvelope (D:\MinutesVault\MINUTES-VAULT-NEW\MinutesVaultV2\mom-backendv2\node_modules\nodemailer\lib\smtp-connection\index.js:1047:34)
    at SMTPConnection.send (D:\MinutesVault\MINUTES-VAULT-NEW\MinutesVaultV2\mom-backendv2\node_modules\nodemailer\lib\smtp-connection\index.js:631:14)
    at sendMessage (D:\MinutesVault\MINUTES-VAULT-NEW\MinutesVaultV2\mom-backendv2\node_modules\nodemailer\lib\smtp-transport\index.js:228:28)
    at D:\MinutesVault\MINUTES-VAULT-NEW\MinutesVaultV2\mom-backendv2\node_modules\nodemailer\lib\smtp-transport\index.js:286:25
    at SMTPConnection._actionAUTHComplete (D:\MinutesVault\MINUTES-VAULT-NEW\MinutesVaultV2\mom-backendv2\node_modules\nodemailer\lib\smtp-connection\index.js:1602:9)
    at SMTPConnection.<anonymous> (D:\MinutesVault\MINUTES-VAULT-NEW\MinutesVaultV2\mom-backendv2\node_modules\nodemailer\lib\smtp-connection\index.js:556:26)
    at SMTPConnection._processResponse (D:\MinutesVault\MINUTES-VAULT-NEW\MinutesVaultV2\mom-backendv2\node_modules\nodemailer\lib\smtp-connection\index.js:993:20)
    at SMTPConnection._onData (D:\MinutesVault\MINUTES-VAULT-NEW\MinutesVaultV2\mom-backendv2\node_modules\nodemailer\lib\smtp-connection\index.js:774:14)
    at SMTPConnection._onSocketData (D:\MinutesVault\MINUTES-VAULT-NEW\MinutesVaultV2\mom-backendv2\node_modules\nodemailer\lib\smtp-connection\index.js:195:44)
Date: 27/02/2025, Time: 17:46
Error: No recipients defined
Stack Trace: Error: No recipients defined
    at SMTPConnection._formatError (D:\MinutesVault\MINUTES-VAULT-NEW\MinutesVaultV2\mom-backendv2\node_modules\nodemailer\lib\smtp-connection\index.js:809:19)
    at SMTPConnection._setEnvelope (D:\MinutesVault\MINUTES-VAULT-NEW\MinutesVaultV2\mom-backendv2\node_modules\nodemailer\lib\smtp-connection\index.js:1047:34)
    at SMTPConnection.send (D:\MinutesVault\MINUTES-VAULT-NEW\MinutesVaultV2\mom-backendv2\node_modules\nodemailer\lib\smtp-connection\index.js:631:14)
    at sendMessage (D:\MinutesVault\MINUTES-VAULT-NEW\MinutesVaultV2\mom-backendv2\node_modules\nodemailer\lib\smtp-transport\index.js:228:28)
    at D:\MinutesVault\MINUTES-VAULT-NEW\MinutesVaultV2\mom-backendv2\node_modules\nodemailer\lib\smtp-transport\index.js:286:25
    at SMTPConnection._actionAUTHComplete (D:\MinutesVault\MINUTES-VAULT-NEW\MinutesVaultV2\mom-backendv2\node_modules\nodemailer\lib\smtp-connection\index.js:1602:9)
    at SMTPConnection.<anonymous> (D:\MinutesVault\MINUTES-VAULT-NEW\MinutesVaultV2\mom-backendv2\node_modules\nodemailer\lib\smtp-connection\index.js:556:26)
    at SMTPConnection._processResponse (D:\MinutesVault\MINUTES-VAULT-NEW\MinutesVaultV2\mom-backendv2\node_modules\nodemailer\lib\smtp-connection\index.js:993:20)
    at SMTPConnection._onData (D:\MinutesVault\MINUTES-VAULT-NEW\MinutesVaultV2\mom-backendv2\node_modules\nodemailer\lib\smtp-connection\index.js:774:14)
    at SMTPConnection._onSocketData (D:\MinutesVault\MINUTES-VAULT-NEW\MinutesVaultV2\mom-backendv2\node_modules\nodemailer\lib\smtp-connection\index.js:195:44)
Date: 27/02/2025, Time: 17:46
Error: Cannot read properties of undefined (reading 'split')
Stack Trace: TypeError: Cannot read properties of undefined (reading 'split')
    at Object.convertFirstLetterOfFullNameToCapital (D:\MinutesVault\MINUTES-VAULT-NEW\MinutesVaultV2\mom-backendv2\helpers\commonHelper.js:376:30)
    at Object.sendCommentEmailTemplate (D:\MinutesVault\MINUTES-VAULT-NEW\MinutesVaultV2\mom-backendv2\emailSetUp\dynamicEmailTemplate.js:2414:38)
    at process.processTicksAndRejections (node:internal/process/task_queues:105:5)
    at async Object.addComments (D:\MinutesVault\MINUTES-VAULT-NEW\MinutesVaultV2\mom-backendv2\services\actionService.js:127:20)
    at async actionCommentsCreate (D:\MinutesVault\MINUTES-VAULT-NEW\MinutesVaultV2\mom-backendv2\controllers\actionController.js:11:20)
Date: 27/02/2025, Time: 17:58
Error: Cannot read properties of undefined (reading 'split')
Stack Trace: TypeError: Cannot read properties of undefined (reading 'split')
    at Object.convertFirstLetterOfFullNameToCapital (D:\MinutesVault\MINUTES-VAULT-NEW\MinutesVaultV2\mom-backendv2\helpers\commonHelper.js:376:30)
    at Object.sendCommentEmailTemplate (D:\MinutesVault\MINUTES-VAULT-NEW\MinutesVaultV2\mom-backendv2\emailSetUp\dynamicEmailTemplate.js:2414:38)
    at process.processTicksAndRejections (node:internal/process/task_queues:105:5)
    at async Object.addComments (D:\MinutesVault\MINUTES-VAULT-NEW\MinutesVaultV2\mom-backendv2\services\actionService.js:128:20)
    at async actionCommentsCreate (D:\MinutesVault\MINUTES-VAULT-NEW\MinutesVaultV2\mom-backendv2\controllers\actionController.js:11:20)
Date: 27/02/2025, Time: 18:24
Error: "commentDescription" length must be less than or equal to 50 characters long
Stack Trace: ValidationError: "commentDescription" length must be less than or equal to 50 characters long
Date: 27/02/2025, Time: 18:32
Error: actionComments validation failed: mentionedUsers.0: Cast to [ObjectId] failed for value "[\n' +
  "  { id: '678f436e22bd22f02f9a10f7', name: 'Sunil' },\n" +
  "  { id: '67bff525d30b555118290b63', name: 'Moharana Sunil' },\n" +
  "  { id: '678f428922bd22f02f9a0fe1', name: 'Monalisa-NTSPL' }\n" +
  ']" (type string) at path "mentionedUsers.0" because of "CastError"
Stack Trace: ValidationError: actionComments validation failed: mentionedUsers.0: Cast to [ObjectId] failed for value "[\n' +
  "  { id: '678f436e22bd22f02f9a10f7', name: 'Sunil' },\n" +
  "  { id: '67bff525d30b555118290b63', name: 'Moharana Sunil' },\n" +
  "  { id: '678f428922bd22f02f9a0fe1', name: 'Monalisa-NTSPL' }\n" +
  ']" (type string) at path "mentionedUsers.0" because of "CastError"
    at Document.invalidate (D:\MinutesVault\MINUTES-VAULT-NEW\MinutesVaultV2\mom-backendv2\node_modules\mongoose\lib\document.js:3329:32)
    at model.$set (D:\MinutesVault\MINUTES-VAULT-NEW\MinutesVaultV2\mom-backendv2\node_modules\mongoose\lib\document.js:1480:12)
    at model.$set (D:\MinutesVault\MINUTES-VAULT-NEW\MinutesVaultV2\mom-backendv2\node_modules\mongoose\lib\document.js:1132:16)
    at model.Document (D:\MinutesVault\MINUTES-VAULT-NEW\MinutesVaultV2\mom-backendv2\node_modules\mongoose\lib\document.js:178:12)
    at model.Model (D:\MinutesVault\MINUTES-VAULT-NEW\MinutesVaultV2\mom-backendv2\node_modules\mongoose\lib\model.js:128:12)
    at new model (D:\MinutesVault\MINUTES-VAULT-NEW\MinutesVaultV2\mom-backendv2\node_modules\mongoose\lib\model.js:4779:15)
    at Object.addComments (D:\MinutesVault\MINUTES-VAULT-NEW\MinutesVaultV2\mom-backendv2\services\actionService.js:111:23)
    at process.processTicksAndRejections (node:internal/process/task_queues:105:5)
    at async actionCommentsCreate (D:\MinutesVault\MINUTES-VAULT-NEW\MinutesVaultV2\mom-backendv2\controllers\actionController.js:11:20)
Date: 27/02/2025, Time: 18:33
Error: actionComments validation failed: mentionedUsers.0: Cast to [ObjectId] failed for value "[\n' +
  "  { id: '678f436e22bd22f02f9a10f7', name: 'Sunil' },\n" +
  "  { id: '67bff525d30b555118290b63', name: 'Moharana Sunil' },\n" +
  "  { id: '678f428922bd22f02f9a0fe1', name: 'Monalisa-NTSPL' }\n" +
  ']" (type string) at path "mentionedUsers.0" because of "CastError"
Stack Trace: ValidationError: actionComments validation failed: mentionedUsers.0: Cast to [ObjectId] failed for value "[\n' +
  "  { id: '678f436e22bd22f02f9a10f7', name: 'Sunil' },\n" +
  "  { id: '67bff525d30b555118290b63', name: 'Moharana Sunil' },\n" +
  "  { id: '678f428922bd22f02f9a0fe1', name: 'Monalisa-NTSPL' }\n" +
  ']" (type string) at path "mentionedUsers.0" because of "CastError"
    at Document.invalidate (D:\MinutesVault\MINUTES-VAULT-NEW\MinutesVaultV2\mom-backendv2\node_modules\mongoose\lib\document.js:3329:32)
    at model.$set (D:\MinutesVault\MINUTES-VAULT-NEW\MinutesVaultV2\mom-backendv2\node_modules\mongoose\lib\document.js:1480:12)
    at model.$set (D:\MinutesVault\MINUTES-VAULT-NEW\MinutesVaultV2\mom-backendv2\node_modules\mongoose\lib\document.js:1132:16)
    at model.Document (D:\MinutesVault\MINUTES-VAULT-NEW\MinutesVaultV2\mom-backendv2\node_modules\mongoose\lib\document.js:178:12)
    at model.Model (D:\MinutesVault\MINUTES-VAULT-NEW\MinutesVaultV2\mom-backendv2\node_modules\mongoose\lib\model.js:128:12)
    at new model (D:\MinutesVault\MINUTES-VAULT-NEW\MinutesVaultV2\mom-backendv2\node_modules\mongoose\lib\model.js:4779:15)
    at Object.addComments (D:\MinutesVault\MINUTES-VAULT-NEW\MinutesVaultV2\mom-backendv2\services\actionService.js:111:23)
    at process.processTicksAndRejections (node:internal/process/task_queues:105:5)
    at async actionCommentsCreate (D:\MinutesVault\MINUTES-VAULT-NEW\MinutesVaultV2\mom-backendv2\controllers\actionController.js:11:20)
Date: 01/03/2025, Time: 11:38
Error: emailLogs validation failed: emailTo: Cast to string failed for value "[
  'sunilntspl@gmail.com',
  'sunilntspl@gmail.com',
  'moharanasunil09@gmail.com',
  'monalisamahantantspl@gmail.com'
]" (type Array) at path "emailTo"
Stack Trace: ValidationError: emailLogs validation failed: emailTo: Cast to string failed for value "[
  'sunilntspl@gmail.com',
  'sunilntspl@gmail.com',
  'moharanasunil09@gmail.com',
  'monalisamahantantspl@gmail.com'
]" (type Array) at path "emailTo"
    at Document.invalidate (D:\MinutesVault\MINUTES-VAULT-NEW\MinutesVaultV2\mom-backendv2\node_modules\mongoose\lib\document.js:3329:32)
    at model.$set (D:\MinutesVault\MINUTES-VAULT-NEW\MinutesVaultV2\mom-backendv2\node_modules\mongoose\lib\document.js:1480:12)
    at model.$set (D:\MinutesVault\MINUTES-VAULT-NEW\MinutesVaultV2\mom-backendv2\node_modules\mongoose\lib\document.js:1132:16)
    at model.Document (D:\MinutesVault\MINUTES-VAULT-NEW\MinutesVaultV2\mom-backendv2\node_modules\mongoose\lib\document.js:178:12)
    at model.Model (D:\MinutesVault\MINUTES-VAULT-NEW\MinutesVaultV2\mom-backendv2\node_modules\mongoose\lib\model.js:128:12)
    at new model (D:\MinutesVault\MINUTES-VAULT-NEW\MinutesVaultV2\mom-backendv2\node_modules\mongoose\lib\model.js:4779:15)
    at saveEmailLogs (D:\MinutesVault\MINUTES-VAULT-NEW\MinutesVaultV2\mom-backendv2\services\emailService.js:49:24)
    at Object.sendEmail (D:\MinutesVault\MINUTES-VAULT-NEW\MinutesVaultV2\mom-backendv2\services\emailService.js:45:16)
    at process.processTicksAndRejections (node:internal/process/task_queues:105:5)
    at async Object.addComments (D:\MinutesVault\MINUTES-VAULT-NEW\MinutesVaultV2\mom-backendv2\services\actionService.js:152:3)
Date: 01/03/2025, Time: 11:44
Error: emailLogs validation failed: emailTo: Cast to string failed for value "[
  'sunilntspl@gmail.com',
  'sunilntspl@gmail.com',
  'moharanasunil09@gmail.com',
  'monalisamahantantspl@gmail.com'
]" (type Array) at path "emailTo"
Stack Trace: ValidationError: emailLogs validation failed: emailTo: Cast to string failed for value "[
  'sunilntspl@gmail.com',
  'sunilntspl@gmail.com',
  'moharanasunil09@gmail.com',
  'monalisamahantantspl@gmail.com'
]" (type Array) at path "emailTo"
    at Document.invalidate (D:\MinutesVault\MINUTES-VAULT-NEW\MinutesVaultV2\mom-backendv2\node_modules\mongoose\lib\document.js:3329:32)
    at model.$set (D:\MinutesVault\MINUTES-VAULT-NEW\MinutesVaultV2\mom-backendv2\node_modules\mongoose\lib\document.js:1480:12)
    at model.$set (D:\MinutesVault\MINUTES-VAULT-NEW\MinutesVaultV2\mom-backendv2\node_modules\mongoose\lib\document.js:1132:16)
    at model.Document (D:\MinutesVault\MINUTES-VAULT-NEW\MinutesVaultV2\mom-backendv2\node_modules\mongoose\lib\document.js:178:12)
    at model.Model (D:\MinutesVault\MINUTES-VAULT-NEW\MinutesVaultV2\mom-backendv2\node_modules\mongoose\lib\model.js:128:12)
    at new model (D:\MinutesVault\MINUTES-VAULT-NEW\MinutesVaultV2\mom-backendv2\node_modules\mongoose\lib\model.js:4779:15)
    at saveEmailLogs (D:\MinutesVault\MINUTES-VAULT-NEW\MinutesVaultV2\mom-backendv2\services\emailService.js:49:24)
    at Object.sendEmail (D:\MinutesVault\MINUTES-VAULT-NEW\MinutesVaultV2\mom-backendv2\services\emailService.js:45:16)
    at process.processTicksAndRejections (node:internal/process/task_queues:105:5)
    at async Object.addComments (D:\MinutesVault\MINUTES-VAULT-NEW\MinutesVaultV2\mom-backendv2\services\actionService.js:152:3)
Date: 01/03/2025, Time: 11:51
Error: "reAssignedUsers" is required
Stack Trace: ValidationError: "reAssignedUsers" is required
>>>>>>> 9986d28ffd3b1b150a7b539c036379988260f5bd
